Questions,CoarseType,FineType,WhWord
नेपाली क्रिकेट टिम क्याप्टेनमा ज्ञानेन्द्र मल्ल कहिले नियुक्त भए ?,temporal,date,कहिले
फ्रान्सको लियोनमा सम्पन्न महिला विश्वकप फुटबल २०१९ प्रतियोगिताको उपाधि कसले प्राप्त गर्यो ?,location,country,कसले
विश्व शान्ति सूचांक २०१९ अनुसार नेपाल कति औ स्थानमा रहेको छ ?,numerical,rank,कति
"एक फलफूलको बोट रु दशको नोट"" कार्यक्रमको सुरुवात कुन जिल्लाको स्थानीय तहमा भएको थियो ?",location,city,कुन
माथिल्लो त्रिशुली थ्री 'ए' जलविधुत आयोजनाको विधुत राष्ट्रिय प्रसारण प्रणालीमा कहिले जोडिएको हो ?,temporal,date,कहिले
अर्थमन्त्री युवराज खतिवडाले वि.स. २०७६ जेठ १५ मा संघिय संसदको संयुक्त बैठकमा प्रस्तुत आ.व. २०७६/७७ को बजेटको राशि कति रहेको छ ?,numerical,money,कति
विश्वका ८ हजार मिटर भन्दा अग्ला १४ ओटै हिमाल आरोहण गर्ने प्रथम नेपाली को हुन् ?,person,individual,को
अमेरिकाले आफ्ना नागरिकलाई क्युवाको भ्रमणका लागि कहिले देखि प्रतिबन्ध लगाएको हो ?,temporal,date,कहिले
"नेपाल राष्ट्र बैंकले नेपालि भाषामा पनि ATM चलाउन मिल्ने गरि व्यबस्था मिलाउन कहिले निर्देशन दिएको
हो ?",temporal,date,कहिले
नेपालमा पर्यटन सुचना केन्द्रको स्थापना कहिले गरिएको हो ?,temporal,date,कहिले
प्रथम आर्थिक गणनाको नतिजा कहिले सार्वजनिक गरियो ?,temporal,date,कहिले
डुईङ विजनेश अवार्ड - २०१९ अनुसार नेपाल कति औ स्थानमा छ ?,numerical,rank,कति
सरकारले कुन दिनलाई राष्ट्रिय वृक्षारोपण दिवसका रुपमा मनाउने निर्णय गरेको हो ?,temporal,day,कुन
ब्राजिलमा आयोजित कोपा अमेरिका फुटबल - २०१९ को उपाधि कसले जित्यो ?,location,country,कसले
व्यावसायिक कफी खेति सर्वेक्षण २०७५ अन्सार कफी उत्पादनमा नेपालको पहिलो जिल्ला कुन हो ?,location,district,कुन
श्रीलंकामा आयोजित 'सार्क फिल्म फेस्टिवल २०१९ मा 'पर्फर्मर अवार्ड जित्ने नेपालि अभिनेत्री को हुन् ?,person,individual,को
प्रदेश खेलकुद विकाश परिषद गठन गर्ने पहिलो प्रदेश कुन हो ?,location,state,कुन
नेपाल र युएई बीच परिमार्जित श्रम सम्झौतामा हस्ताक्षर कहिले भएको हो ?,temporal,date,कहिले
भूगर्भशास्त्री टोनी हेगनको सम्झनामा नेपालको कुन ठाउँमा भ्युटावर सहित पार्क निर्माण गरिएको छ ?,location,city,कुन
भुपयोग ऐन - २०७६ कहिले देखि लागु भएको हो ?,temporal,date,कहिले
बेलायतका प्रधानमन्त्री बोसिन जोन्सनले संसद निलम्बनको घोषणा कहिले गर्नुभयो ?,temporal,date,कहिले
प्रदेशमा हरित प्रदेश अभियानको शुभारम्भ कहिले गरिएको हो ?,temporal,date,कहिले
विश्वका धनि सात राष्ट्रहरुको समुह जी ७ को सम्मेलन २०१९ कहाँ सम्पन्न भयो ?,location,country,कहाँ
वासुदेव मुनाल बाल प्रतिभा पुरस्कार २०७६ कसलाई प्रदान गरियो ?,person,individual,कसलाई
१३ औ दक्षिण एसियाली खेलकुद प्रतियोगिता (साग) को लोगो र मस्कट कहिले सार्वजनिक गरियो ?,temporal,date,कहिले
बंगलादेशका पुर्वाराष्टपति एवम सैनिक प्रमुख हुसेन मोहम्मद एर्साईको निधन कहिले भएको हो ?,temporal,date,कहिले
केन्द्रिय तथ्यांक विभागले सार्वजनिक गरेको 'श्रमशक्ति सर्वेक्षण - २०१९' अनुसार हाल नेपालको बेरोजगारी दर कति रहेको छ ?,numerical,percentage,कति
अमेरिकास्थित स्पेस एक्स कम्पनीले एकैसाथ २४ भूउपग्रह अन्तरिक्षमा कहिले प्रक्षेपण गरेको हो ?,temporal,date,कहिले
प्रथम राष्ट्रिय गणना -२०७५ को पारम्भिक नतिजाअनुसार सबैभन्दा बढी व्यापारिक प्रतिष्ठान कुन प्रदेशमा रहेका छन् ?,location,state,कुन
नेपाल संयुक्त रास्ट्रसंघीय लागूऔषध आयोगको सदस्यमा कुन अवधिका लागि नियुक्त भयो ?,temporal,range,कुन
"२०७६ बैशाख २० मा प्रस्तुत आर्थिक वर्ष २०७६/७७ को नीति कार्यक्रमअनुसार कति बर्षभित्र सबै स्थानीय तहमा 
 औधोगीक ग्राम संचालनमा ल्याइने योजना छ ?",numerical,count,कति
नौविसे नागढुङ्गा सुरुङमार्गको शिलान्यास प्रधानमन्त्री केपी शर्मा ओलीबाट कहिले गरियो ?,temporal,date,कहिले
विश्वको कुन राष्ट्र शताब्दीकै ठुलो खडेरीको चपेटामा परेको छ ?,location,country,कुन
विश्वकप क्रिकेट २०१९ को उपाधि विजेता राष्ट्र कुन हो ?,location,country,कुन
दक्षिण एसियाकै पहिलो खुला दिसामुक्त मुलुक नेपाललाई कहिले घोषणा गरिएको हो ?,temporal,date,कहिले
नेपाल टेलिकमले देशभरका ३२ जिल्लाका ५० शहरमा 4G सेवाको विस्तार कहिले गर्यो ?,temporal,date,कहिले
NRN का नयाँ अध्यक्षमा नियुक्त हुने व्यक्ति को हुन् ?,person,individual,को
उखुको जसलाई राष्ट्रिय पेय पर्दाथ घोषणा गर्ने सार्क राष्ट्र कुन हो ?,location,country,कुन
नेपाल फिल्म क्याम्पसको स्थापना कहिले गरियो ?,temporal,date,कहिले
नेसनल आइसीटी अवार्ड - २०१९ बाट सम्मानित निकाय कुन हो ?,organization,other,कुन
नेपालको पहिलो भू-उपग्रह 'नेपाली स्याट-१' ले काठमाण्डौ स्थित ग्राउण्ड स्टेसनसँग संवादको थालनी कहिलेदेखि गर्न थालेको हो ?,temporal,date,कहिले
नेपालमा पहिलो पल्ट स्मार्ट लाइटको प्रयोग गर्ने महानगरपालिका कुन हो ?,location,city,कुन
"बुद्ध जन्मस्थल लुम्बिनी जाऔ, शान्तिको संदेश फैलाऔ' नारासहित प्रदेश ५ सरकारले मनाउने घोषणा गरेको लुम्बिनी भ्रमण वर्ष २०७६ कहिलेदेखि सुरु गरिने भएको छ ?",temporal,date,कहिले
सरकारले लुम्बिनीमा कहिले संयुक्त राष्ट्रसंघ वुद्धजयन्ति दिवस मनाउने निर्णय गरेको हो ?,temporal,year,कहिले
सरकारले आगामी एक दशकमा कति किलोमिटर रेलमार्ग निर्माण गर्ने योजना अघि सारेको छ ?,numerical,length,कति
नेपालको सबैभन्दा कान्छो जिल्ला कुन हो ?,location,district,कुन
संयुक्त राष्ट्रसंघले कुन दिनलाइ विश्व खुसि दिवसका रुपमा मनाइन्छ ?,temporal,day,कुन
फोर्ब्सले सन् २०१९ जुनमा सार्वजनिक सर्वाधिक कमाइ गर्ने विश्वका एकसय खेलाडीको सुचिमा पहिलो स्थानमा पर्न सफल खेलाडी को हुन् ?,person,individual,को
सरकारले नया स्वास्थ नीति कहिले सार्वजनिक गर्यो ?,temporal,date,कहिले
वेस्ट पर्सानालिटि अफ द इयर अवार्ड २०७५ बाट सम्मानित हुने व्यक्तित्व को हुन् ?,person,individual,को
काठमाडौं उपत्यकामा विधुतीय बसको सुरुवात कहिले गरियो ?,temporal,date,कहिले
सातवटै प्रदेशले आ.व. २०७६/७७ का लागि आ-आफ्नो प्रदेशसभा वार्षिक बजेट कहिले पेश गर्यो ?,temporal,date,कहिले
टि testing तथा अनुसन्धान केन्द्र कहाँ निर्माण गरिने भएको छ ?,location,city,कहाँ
भारतले अमिरिकी सामानमा अतिरिक्त कर लगाउन सुरु कहिले देखि गरेको हो ?,temporal,date,कहिले
प्रधानमन्त्री रोजगार कार्यक्रममार्फत आ.व. २०७५/७६ मा रोजगारी पाउनेले औसतमा कति दिनको रोजगारी प्राप्त गरेको छन् ?,numerical,count,कति
भारतका पुर्वप्रधानमन्त्री सुष्मा स्वराजको निधन कहिले भएको हो ?,temporal,date,कहिले
जापानका नया सम्राट नारुहितोले औपचारिक रुपमा राज्यारोहण कहिले गरे ?,temporal,date,कहिले
संयुक्त राष्ट्रसंघको मापदण्डअनुसार एक प्रहरी कर्मचारी बराबर कति नागरिक हुनुपर्ने मान्यता छ ?,numerical,count,कति
सबैभन्दा बढी वन-जङ्गल युक्त भू-भाग भएको प्रदेश कुन हो ?,location,state,कुन
सबैभन्दा कम वन-जङ्गल युक्त भू-भाग भएको प्रदेश कुन हो ?,location,state,कुन
भोकमरीको सूचकांक २०१९ मा नेपाल कति औ स्थानमा रहेको छ ?,numerical,rank,कति
सिंहदरवारस्थित पुतली बौँचामा सङ्घीय संसद भवनको शिलान्यास कहिले गरियो ?,temporal,date,कहिले
तेस्रो दक्षिण एसियाली फुटबल प्रतियोगिता (साफ) यु - १८ को बिजेता राष्ट्र कुन हो ?,location,country,कुन
तेस्रो दक्षिण एसियाली फुटबल प्रतियोगिता (साफ) यु - १८ को उपबिजेता राष्ट्र कुन हो ?,location,country,कुन
सन् २०१९ मा फिफा वर्ष खेलाडीको उपाधि कसले जिते ?,person,individual,कसले
नेपालमा सबैभन्दा बढी स्थानीय तह भएको जिल्ला कुन हो ?,location,district,कुन
नेपालमा सबैभन्दा बढी नगरपालिका भएको जिल्ला कुन हो ?,location,district,कुन
एक नर्स एक विधालय' को अभियान सुरु गर्ने प्रदेश कुन हो ?,location,state,कुन
नेपालमा सबैभन्दा बढी गाउपालिका भएको जिल्ला कुन हो ?,location,district,कुन
आ.व ०७५/७६ मा सबैभन्दा बढी आर्थिक बृदिदर हासिल गर्ने प्रदेश कुन हो ?,location,state,कुन
हाल विश्व सम्पदा सुचिमा सबैभन्दा बढी कुन देशका सम्पदा सुचिकृत छन् ?,location,country,कुन
आ.व. ०७६/७७ को बजेटको राशि कति रहेको छ ?,numerical,money,कति
नेपालसंग बीपक्षीय हवाईसेवा सम्झौता भएका राष्ट्रहरु कति छन् ?,numerical,count,कति
नेपालमा पहिलो पटक रोबटले कार्यक्रम संचालन कहिले गर्यो ?,temporal,date,कहिले
सबैभन्दा बढी सगरमाथाको आरोहण गरि किर्तिमान कायम गर्ने पर्वतारोही को हुन् ?,person,individual,को
शुन्य लागतमा श्रमिक लैजाने सम्बन्धमा नेपाल र ओमनबीच सहमति कहिले भएको हो ?,temporal,date,कहिले
नेपालको झण्डा अंकित स्याटेलाइट पहिलोपटक अन्तरिक्षमा प्रक्षेपण कहिले गरियो ?,temporal,date,कहिले
सरकारले जेष्ट नागरिकका लागि स्वास्थ बिमा कार्यक्रम कहिले देखि जारि गर्यो ?,temporal,date,कहिले
सार्क राष्ट्रका कुन व्यक्तित्वलाई गुरुदेव भनि चिनिन्छ ?,person,individual,कुन
नेपाल भ्रमण बर्ष २०२० को सफ्ट लन्चीङ कहिले गरियो ?,temporal,date,कहिले
नेपाल भ्रमण बर्ष २०२० को सफ्ट लन्चीङ कहा गरियो ?,location,city,कहाँ
"समृदिसंग जोडौ नाता, हरेक नेपालीको बैंक खाता' नारासाथ 'देशभरी खोलो बैंक खाता' अभियान कहिलेदेखि
सुरुवात भएको हो ?",temporal,date,कहिले
नाष्ट प्रविधि पुरस्कार २०७६ कसलाई प्रदान गरियो ?,person,individual,कसलाई
एसियाली विकास बैंकले सन् २०१९ सेप्टेम्बरमा प्रकाशित नेपालको वृहत आर्थिक अधावधिक अनुसार आर्थिक वर्ष ०७६/७७ मा नेपालको आर्थिक वृद्धिदर कति हुने उल्लेख गरेको छ ?,numerical,percentage,कति
विश्व स्वास्थ्य संगठनले नेपालको कुन स्वास्थ्य प्रतिष्ठानलाई आफ्नो सहकार्य केन्द्रका रुपमा मान्यता प्राप्त गरेको छ ?,organization,other,कुन
हरित प्रदेश अभियानको थालनी कहिले देखि भएको हो ?,temporal,date,कहिले
भारतको लोकसभा पहिलोपल्ट नेपाली भाषामा शपथ ग्रहण गर्ने सदस्य को हुन् ?,person,individual,को
प्रधानमन्त्री राष्ट्रिय प्रतिभा पुरस्कार २०७५ कसलाई प्रदान गरियो ?,person,individual,कसलाई
स्वास्थ्य बीमा कार्यक्रम लागु भएको ४८ औं जिल्ला कुन हो ?,location,district,कुन
चीनको बेइजिङमा निर्मित टासीङ विमानस्थल कहिले उद्घाटन गरिएको हो ?,temporal,date,कहिले
नेपालमा भिडियो टेलिप्रिजेन्समार्फत पहिलो मन्त्रिपरिषदको बैठक कहिले बसेको थियो ?,temporal,date,कहिले
हेनेली पासपोर्ट इन्डेक्स - २०१९ अनुसार नेपाल कति औं स्थानमा रहेको छ ?,numerical,rank,कति
नेपालको पहिलो भू-उपग्रह ले काठमाडौं स्थित ग्राउण्ड स्टेशनसंग सम्पर्क गर्न कहिले थालेको छ ?,temporal,date,कहिले
निर्वाचन आयोगले उप-निर्वाचन मङ्सिर १४ मा गर्ने भनेर निर्णय कहिले गरेको हो ?,temporal,date,कहिले
कैलालीको टीकापुरमा डल्फिन महोत्सब कहिले सम्पन्न भयो ?,temporal,date,कहिले
राष्ट्रिय क्रिकेट टिमका कप्तान पारस खड्काले कप्तान पदबाट राजिनामा कहिले दिएका हुन् ?,temporal,date,कहिले
सिभिल बैंकले 150 9001:2015 को प्रमाणपत्र कहिले प्राप्त गर्यो ?,temporal,date,कहिले
प्रधानमन्त्री ओली र जापानी राजदुतले नागढुङ्गा-सिस्नेखोला सुरुङमार्गको शिलान्यास संयुक्त रुपमा कहिले गरियो ?,temporal,date,कहिले
नेपाल खाद्य संस्थानलाई खाद्य व्यवस्था तथा ब्यापार कम्पनीको रुपमा परिणत कहिले गरियो ?,temporal,date,कहिले
नेपाल उड्डयन प्राधिकरणको महानिर्देशकको रुपमा राजन पोखरेलको नियुक्ति कहिले गरियो ?,temporal,date,कहिले
राष्ट्रपति भण्डारीको म्यानमार भ्रमण कहिले भयो ?,temporal,date,कहिले
Time Person of The Year - 2019' कसलाई घोषणा गरियो ?,person,individual,कसलाई
नेपालमा पुराना प्रदेश प्रमुखलाई हटाएर नयाँ प्रदेश प्रमुखको नियुक्ति कहिले गरियो ?,temporal,date,कहिले
CNN Hero - 2019 बाट सम्मानित कसलाई गरियो ?,person,individual,कसलाई
लोकसेवा आयोगको प्रदेश नं. ५ का अध्यक्ष पदमा डिलाराम भट्टराईलाई नियुक्त कहिले गरियो ?,temporal,date,कहिले
लोकसेवा आयोगको प्रदेश नं. २ का अध्यक्ष पदमा सुरेन्द्रप्रसाद यादवलाई नियुक्त कहिले गरियो ?,temporal,date,कहिले
नेपाल भ्रमण वर्ष २०२० को कोडीङ सहितको लोगो कहिले सार्वजनिक गरेको हो ?,temporal,date,कहिले
नेपालसंग अफ्रिकी मुलुक मौरिससले श्रम सम्झौता कहिले गरेको हो ?,temporal,date,कहिले
एसियाली प्रहरी सम्मेलनको आयोजना कहाँ गरिने भएको छ ?,location,city,कहाँ
आर्थिक सर्वेक्षण २०७५/०७६ अनुसार नाफामा संचालित सार्वजनिक संस्थानहरु कति रहेको छन् ?,numerical,count,कति
एक गाउँ एक हेलिप्याड' कार्यक्रम संचालन गर्ने पहिलो स्थानीय तह कुन हो ?,location,city,कुन
नेपालमा बालमैत्री स्थानीय शासन नगर भनि चिनिने ठाउँ कुन हुन् ?,location,city,कुन
दशौँ लिगलिगे दौड - २०७६ कसले जितेका हुन् ?,person,individual,कसले
बुटवल उपमहानगरपालिकालाई सडक मानवमुक्त कहिले घोषणा गरियो ?,temporal,date,कहिले
सन् २०१९ डिसेम्बर १२ मा सम्पन्न बेलायतको संसदको निर्वाचनमा बहुमत ल्याउन सफल पार्टी कुन हो ?,organization,other,कुन
सन् २०३० सम्म डिजेल र पेट्रोलबाट चल्ने सवारीसाधन प्रतिबन्ध गर्न भनि घोषणा गरेको राष्ट्र कुन हो ?,location,country,कुन
बैंक अफ द इयर - २०१९ को उपाधिबाट सम्मानित हुने बैंक कुन हो ?,organization,bank,कुन
शिक्षा दिवस २०७६ को आदर्श वाक्य के हो ?,explanation,description,के
साउदी अरबस्थित तेल प्रशोधन केन्द्रमा ड्रोन हमला कहिले भएको हो ?,temporal,date,कहिले
१२६ औं जापानी राजतन्त्रको राजगद्दी सम्हाल्ने राजा को हुन् ?,person,individual,को
इन्डीयन प्रिमियर लिग (IPL) - २०१९ को उपाधि कुन टिमले हात पार्यों ?,organization,sport-team,कुन
ओखलढुंगामा रहेको खिजी चन्देश्वरि विमानस्थलमा परिक्षण उडान कहिले गरिएको हो ?,temporal,date,कहिले
मइसिर २८ मा मनाएको १३ औं सघीय संसद दिवस नारा के हो ?,explanation,description,के
क्युवाको इतिहासमा झन्डै चार दशकपछी प्रधानमन्त्री पदमा नियुक्त हुने व्यक्ति को हुन् ?,person,individual,को
पछिल्लो तथ्यांकअनुसार संयुक्त राष्ट्रसङ्घको शान्ति मिसनमा सुरक्षाकर्मी तैनाथ गर्ने राष्ट्रहरुमा नेपाल कति औं स्थानमा पर्दछ ?,numerical,rank,कति
BIMSTEC को पाचौँ सम्मेलन कहिले हुर्दै छ ?,temporal,year,कहिले
BIMSTEC को पाचौँ सम्मेलन कहाँ हुर्दै छ ?,location,country,कहाँ
प्रदेश १ को स्थायी राजधानी विराटनगर कहिले तोकिएको हो ?,temporal,date,कहिले
चन्द्रमामा चल्ने सेल्फ Driving कारलाई के नामाकरण गरिएको छ ?,explanation,description,के
चितवनको नारायणी नदीमा व्यावसायिक सन्चालनका लागि निर्माणाधीन पानीजहाजको सफल परिक्षण कहिले गरिएको हो ?,temporal,date,कहिले
युनेस्कोले 'वास्तुकलाको राजधानी' का रुपमा घोषित सहर कुन हो ?,location,city,कुन
अमेरिकाको बेस्ट क्लिफ युनिभर्सिटीले मानार्थ विधा बारिधि उपाधि प्राप्त गर्ने नेपालि चेली को हुन् ?,person,individual,को
१३ औं साग प्रतियोगितामा भाग नलिएको सार्क राष्ट्र मध्ये कुन हो ?,location,country,कुन
नेपाललाई दक्षिण एसियाको पहिलो दिसा मुक्त देश कहिले घोषणा गरियो ?,temporal,date,कहिले
राष्ट्रिय कविता महोत्सव - २०७६ मा प्रथम हुन सफल हुने कवी को हुन् ?,person,individual,को
सबै जिल्ला स्वास्थ्य विमा लागु गर्ने पहिलो प्रदेश कुन हो ?,location,state,कुन
काजकिस्तानको नयाँ राजधानीको नाम के हो ?,location,city,के
लाङटाङ पदमार्गको नाम परिवर्तन गरि के बनाइएको छ ?,explanation,description,के
ट्रान्सपरेन्सी इन्टरनेसनल (टिआई) ले सन् २०१९ मा सार्वजनिक गरेको भ्रष्टाचार अवधारणा सूचकांक अनुसार सबैभन्दा कम भ्रष्टाचार हुने राष्ट्र कुन हो ?,location,country,कुन
प्रदेश २ मा पहिलो बालमैत्री घोषित नगरपालीका कुन हो ?,location,city,कुन
दक्षिण-पूर्वी एसिया क्षेत्रमा हेपाटाइटिस 'बि' माथि नियन्त्रण प्राप्त गर्ने पहिलो चार मुलुक कुन-कुन हुन् ?,location,country,कुन
यस बर्ष सन् २०१९ को 'एचआर म्यानेजर अफ दि इयर' को उपाधि कसले प्राप्त गरे ?,person,individual,कसले
यौनहिंसाविरुद्ध हलिउडका महिलाले सुरु गरेको नयाँ अभियानलाई के भनी चिनिन्छ ?,explanation,description,के
विश्वको सबैभन्दा बढी उचाईमा हक्की खेल कहाँ खेलियो ?,location,city,कहाँ
हालै गरिएको एक उत्खननमा भीमकाय डाइनोसरको हड्डी कुन देशमा फेलापरेको छ ?,location,country,कुन
सन् २०१९ मे मा बङ्गालको खाडीमा उत्पन्न समुद्री आँधीलाई के नामले चिनिन्छ ?,explanation,description,के
हाल संयुक्त राष्ट्रसंघका लागी नेपालबाट स्थायी प्रतिनिधिमा नियुक्त कुटनीतिज्ञ हो हुन् ?,person,individual,को
नेपालमा पहिलो 'नेटवर्क आर्क ब्रिज' को निर्माण कहाँ गरिएको छ ?,location,address,कहाँ
"अन्तराष्ट्रिय क्रिकेटमा सर्वाधिक कम इनिङमा २०,००० रन बनाइ रेकर्ड कायम गर्ने क्रिकेटर को हुन् ?",person,individual,को
श्रीलंकाले अनुहार छोपिने (वुर्का) कपडा लगाउन कहिले देखि प्रतिबन्ध गर्यो ?,temporal,date,कहिले
"वर्ष पुरानो फ्रान्सको ऐतिहासिक 'नोटूडाम क्याथेड्रल' चर्चमा कहिले भिषण आगलागी भएको
हो ?",temporal,date,कहिले
नेपाल टेलिकमले कहिले देखि भारत र चीनमा रोमीङ सेवा संचालन गर्यो ?,temporal,date,कहिले
नेपाल भ्रमण वर्ष २०२० को लोगो डिजाइनर को हुन् ?,person,individual,को
68th Miss Universe 2019 को उपाधि कसले जितिन ?,person,individual,कसले
Miss world 2019 को उपाधि कसले जितिन ?,person,individual,कसले
विश्वकै सबैभन्दा कान्छी प्रधानमन्त्री को हुन् ?,person,individual,को
नेपाल भ्रमण वर्ष २०२० कति पर्यटक भित्र्याउने उदेश्य लिइएको छ ?,numerical,count,कति
हालै राष्ट्रिय खेलकुद परिषदको सदस्यसचिवमा कसलाई नियुक्त गरियो ?,person,individual,कसलाई
FIFA THE BEST WOMEN PLAYER AWARD - 2019 कसलाई प्रदान गरियो ?,person,individual,कसलाई
नेपालमा सामाजिक सेवा दिवस कहिले मनाईन्छ ?,temporal,date,कहिले
छोरी सुरक्षा कार्यक्रम' कुन प्रदेशमा प्रारम्भ भएको छ ?,location,state,कुन
वि.सं २०७६ मा मनाइएको निजमति सेवा दिवस कति औं हो ?,numerical,rank,कति
सबैभन्दा पछी खुला दिसामुक्त जिल्ला घोषित जिल्ला कुन हो ?,location,district,कुन
मानार्थ नेपालि नागरिकता प्राप्त गर्ने चौथों व्यक्ति को हुन् ?,person,individual,को
वि.सं. २०७६ सालमा मनाइएको बाल दिवस कति औं हो ?,numerical,rank,कति
दक्षिण एसियाको दोस्रो खुला दिसामुक्त देशको रुपमा भारतलाई कहिले घोषणा गरियो ?,temporal,date,कहिले
भारतबाट ल्याइने पेट्रोलियम पाइपलाइनको उद्घाटन कहिले गरियो ?,temporal,date,कहिले
सताब्दी पुरुष सत्यमोहन जोशीको नाममा कहिले सिक्का जारि गरियो ?,temporal,date,कहिले
म्यागासेसे पुरस्कार - २०१९ कसले प्राप्त गरेका छन् ?,person,individual,कसले
निर्वाचन आयोगले तेसो पञ्चवर्षीय रणनीतिक योजनाको मस्यौदा कहिले सार्वजनिक गरेको हो ?,temporal,date,कहिले
युग पुरुष सत्यमोहन जोशी अंकित रु २५०० को सिक्का कहिले निष्कासन गरियो ?,temporal,date,कहिले
१३ औं सागमा गौरिका सिंहले जम्मा कति पदक हात पारिन् ?,numerical,count,कति
१३ औं सागमा जम्मा कति खेलाडीले भाग लिएका थिए ?,numerical,count,कति
Gender Gap Index - २०१९ मा नेपालको स्थान कति रहेको छ ?,numerical,rank,कति
FORBS ले प्रकाशित गरेको सन् २०२० मा विश्वको घुम्नैपर्ने देशको सुचिमा नेपाल कति औं स्थानमा रहेको छ?,numerical,rank,कति
सभामुख कृष्णबहादुर महराले सभामुख पदबाट राजिनामा कहिले दिए ?,temporal,date,कहिले
मानव विकास सूचांक - २०१८ मा नेपाल कति औं स्थानमा रहेको छ ?,numerical,rank,कति
नागढुंगा-सिस्नेखोला सुरुङमार्गको शिलान्यास नेपालमा प्रधानमन्त्री ओली र जापानी राजदुतले संयुक्तरुपमा कहिले गरेका हुन् ?,temporal,date,कहिले
राष्ट्रपति हुन कति बर्षको उमेर पूरा भएको हुनु पर्छ ?,numerical,age,कति
. नेपालको पहिलो जननिर्वाचित प्रधानमन्त्री को हुन ?,person,individual,को
कुनै पनि युद्धमा भाग नलिएको देश कुन हो ?,location,country,कुन
फुङफुङ झरना कुन जिल्लामा पर्छ ?,location,district,कुन
सेतो सुन भन्नाले के बुझीन्छ ?,miscellaneous,material,के
तुरतुरे ताल कुन जिल्लामा पर्छ ?,location,district,कुन
लिलिहरुको भुमी भनेर कुन देशलाई चिनिन्छ ?,location,country,कुन
पुरेनवा दरबार कुन जिल्लामा पर्छ ?,location,district,कुन
बर्ष भन्दा दिन लामो हुने ग्रह कुन हो ?,location,other,कुन
सबैभन्दा लामो समय गर्वधारण गर्ने जीव कुन हो ?,miscellaneous,animal,कुन
सात कुण्डको जिल्ला भनेर कुन जिल्लालाई चिनिन्छ ?,location,district,कुन
सबभन्दा कम उचाईमा रहेको नेपालको सदरमुकाम कुन हो ?,location,city,कुन
सबैभन्दा बढी जिल्लासँग सिमाना जोडिएको जिल्ला कुन हो ?,location,district,कुन
अदुवा खेतीका लागि प्रसिद्ध जिल्ला कुन हो ?,location,district,कुन
नेपालको सबैभन्दा उत्तरी विन्दु कुन जिल्लामा पर्दछ ?,location,district,कुन
नेपालको सबैभन्दा दक्षिणी विन्दु कुन जिल्लामा पर्दछ ?,location,district,कुन
हेलम्वु कुन जिल्लामा पर्दछ ?,location,district,कुन
मकालु हिमाल कुन हिमश्रृंखलामा पर्दछ ?,miscellaneous,other,कुन
सूर्योदयको दृष्य देखिने नेपालको प्रसिद्ध स्थान नगरकोट भक्तपुरमा पर्दछ भने अन्तु डाँडा कुन जिल्लामा पर्दछ ?,location,district,कुन
महेन्द्र गुफा कुन जिल्लामा रहेको छ ?,location,district,कुन
काठमाण्डौ उपत्यकाको क्षेत्रफल कति छ ?,numerical,area,कति
नेपालमा सबैभन्दा गर्मी हुने ठाउँ कुन हो ?,location,city,कुन
नेपालको सबैभन्दा बढी पानी पर्ने जिल्ला कुन हो ?,location,district,कुन
नेपालको सबैभन्दा कम पानी पर्ने जिल्ला कुन हो ?,location,district,कुन
लोक्ताको जिल्ला र झुलुंगेको पुलको जिल्ला भनी कुन जिल्लालाइ जनाउछ ?,location,district,कुन
नेपालको उत्तर-दक्षिणको सरदर चौडाइ कति छ ?,numerical,length,कति
निलगाड कुन नदिमा मिसिन्छ ?,location,river,कुन
मुक्तिनाथ कति उचाइमा रहेको छ ?,numerical,length,कति
नेपालको सबैभन्दा ठुलो नदि कुन हो ?,location,river,कुन
नेपाल चिन भन्दा कति गुणा सानो छ ?,numerical,count,कति
सबैभन्दा उचाईमा रहेको नेपालको जिल्ला सदरमुकाम कुन हो ?,location,city,कुन
नेपालको कुन हिमाललाई आधार मानीप्रमाणिक समय निर्धारण गरिएको छ ?,location,mountain,कुन
नेपालमा पाइने ठुला र साना नदिहरुको संख्या कति भएको अनुमान गरिन्छ ?,numerical,count,कति
नेपाल पुर्व-पश्चिमको औसत लम्बाइ कति छ ?,numerical,length,कति
नेपालको कफि उत्पादनको लागी प्रसिद्दजिल्ला कुन हो ?,location,district,कुन
रेडियो नेपालको स्थापना कहिले भयो ?,temporal,date,कहिले
नेपालको कुल क्षेत्रफलको कती भुभाग तराई प्रदेशले ओगटेको छ ?,numerical,percentage,कति
निलगिरी हिमाल कुन हिमशृङखलामा पर्दछ ?,miscellaneous,other,कुन
गोसाइकुण्ड कुन जिल्लामा अबस्थित छ ?,location,district,कुन
विश्वकप फुटबलका जन्मदाता भनेर कसलाई चिनिन्छ ?,person,individual,कसलाई
खल्तिमा लाटोकोसेरो बोकेर हिड्ने बिश्वबिख्यात समाजसेवी को हुन ?,person,individual,को
कसले दरवार स्कुल जनताको लागि खुला गराए ?,person,individual,कसले
पब्लिक सर्भिस कमिसनलाई लोकसेवा आयोग भनि कहिले नामाकरण गरियो ?,temporal,date,कहिले
पुरुष भन्दा बढि महिला साक्षर भएको देश कुन हो ?,location,country,कुन
बिश्वमा सबैभन्दा धेरै देशसँग सिमाना जोडिएको राष्ट्र कुन हो ?,location,country,कुन
पुर्वका जादुगर भनेर कसलाई चिनिन्छ ?,person,individual,कसलाई
दुइजना राष्टपतिले शासन गर्ने देश कुन हो ?,location,country,कुन
हलो देखी हाइड्रो सम्म कुन बैंकको नारा हो ?,organization,bank,कुन
हक्किका जादुगर भनेर कसलाई चिनिन्छ ?,person,individual,कसलाई
नेपालमा माछा नपाइने एक मात्र जिल्ला कुन हो ?,location,district,कुन
मनकामना केवलकारको सञ्चालन कहिले देखि भएको हो ?,temporal,date,कहिले
प्रधान न्यायाधीश र सर्वोच्च अदालतका अन्य न्यायाधिशहरु कति वर्षको उमेर नपुगेसम्म आफ्नो पदमा बहाल रहन्छन् ?,numerical,age,कति
लिच्छविकालमा जिल्लालाई के भनिन्थ्यो ?,miscellaneous,other,के
बुलेट महाराज भनेर कसलाई चिनिन्छ ?,person,individual,कसलाई
बिश्वमा सबैभन्दा बढी सुती कपडा उत्पादन गर्ने देश कुन हो ?,location,country,कुन
प्रहरी र जेल नभएको देश कुन हो ?,location,country,कुन
बिश्वमा सबैभन्दा बढी गर्मी हुने ठाँऊ कुन हो ?,location,city,कुन
बिश्वमा सबैभन्दा बढी जाडो हुने ठाँऊ कुन हो ?,location,city,कुन
बालकको सालनाल काट्ने चलन कसले चलाएका हुन ?,person,individual,कसले
नेपाल मा जनगणना कार्य कहिलेदेखी सुरु भएको हो ?,temporal,year,कहिले
नेपालमा कती जिल्लामा चुरे जलाधार संरक्षण कार्यक्रम सन्चालन भएको छ?,numerical,count,कति
बिश्वको सबैभन्दा ठूलो भूपरीवेष्ठित राष्ट्र कुन हो ?,location,country,कुन
सबैभन्दा ठूलो स्थल जिव कुन हो ?,miscellaneous,animal,कुन
सबभन्दा पुरानो धातु कुनलाई मानिन्छ ?,miscellaneous,material,के
बिश्वमा सबैभन्दा बढी बाँच्ने प्राणी कुन हो ?,miscellaneous,animal,कुन
बिश्व सबैभन्दा पुरानो अन्न कुनलाई मानिन्छ ?,miscellaneous,other,के
गिनिज बुक अफ वर्ल्ड रेकर्डमा अंकित हुने नेपालका एकमात्र राजा को हुन् ?,person,individual,को
मोबाइल फोनका आविष्कारक को हुन ?,person,inventor,को
नेपाल नामक टोल बिश्वको कुन देशमा पर्छ ?,location,country,कुन
मध्यरातमा सुर्योदय हुने देश कुन हो ?,location,country,कुन
नेपालको कुन जिल्लालाई मेडिकल सिटी उपनामले चिनिन्छ ?,location,district,कुन
खड़क निशाना छापको प्रयोग कुन राणा प्रधानमन्त्रीले सुरु गरेका हुन् ?,person,individual,कुन
संयुक्त राष्ट्र संघको बडापत्र हालसम्म कति पटक संसोधनगरिएको छ ?,numerical,count,कति
जटापोखरी ताल कुन जिल्लामा रहेको छ ?,location,district,कुन
कमैयाले साहुलाई तिर्ने ऋणलाई के भन्निछ ?,miscellaneous,other,के
नेपाली भाषा सिकाउने प्रयोजनका लागि प्रकाशित गरिएको पहिलो पुस्तक कुन हो ?,miscellaneous,book,कुन
दरवार हाइस्कुलको स्थापना कहिले भएको हो ?,temporal,date,कहिले
टेलिस्कोपका आविष्कारक को थिए ?,person,inventor,को
पेन्सिलिनका आविष्कारक को थिए ?,person,inventor,को
जंगबहादुर राणा प्रधानमन्त्री हुँदा कती बर्षका थिए ?,numerical,age,कति
"आफ्ना मतदातालाई नेगेटिभ भोटिङ अधिकार हालसम्म कति राष्ट्रले प्रदान
गरेका छन् ?",numerical,count,कति
मारियाना ट्रेन्चको गहिराई कति छ ?,numerical,length,कति
टाइफाइडको निदान गर्न गरिने परीक्षणलाई के भनिन्छ ?,miscellaneous,other,के
टेलिफोनका आविष्कारक को हुन् ?,person,inventor,को
टेलिभिजनका आविष्कारक को हुन् ?,person,inventor,को
सूर्य केन्द्रित सिद्धान्तका प्रतिपादक को हुन् ?,person,discoverer,को
दीपेन्द्र शिखर कुन जिल्लामा पर्दछ ?,location,district,कुन
सिरुवा पर्व कुन जातीले मनाउने गर्छन् ?,miscellaneous,other,कुन
रिसाएको बेलामा रातो पसिना निकाल्ने जीव कुन हो ?,miscellaneous,animal,कुन
नेपालको सबैभन्दा उच्च स्थानमा धान खेती हुन्छ त्यो कुन जिल्लामा हो ?,location,district,कुन
जटापोखरी ताल कुन जिल्लामा पर्दछ ?,location,district,कुन
सर्वप्रथम युरोप भ्रमण गर्ने नेपालका राजा को हुन् ?,person,individual,को
नेपालमा सबैभन्दा लामो समयसम्म चल्ने जात्रा कुन हो ?,miscellaneous,religion,कुन
द राइजिङ नेपाल का प्रथम सम्पादक को थिए ?,person,individual,को
गौरा पर्व कुन जातिले मनाउछन ?,miscellaneous,other,कुन
संयुक्त राष्ट्रसंघको सुरक्षा परिसदमा सदस्य राष्ट्रको संख्या कति हुन्छ ?,numerical,count,कति
ललितपुरको स्थापना कसले गरेका थिए ?,person,individual,कसले
च्छोरोल्पा ताल कुन जिल्लामा पर्छ ?,location,district,कुन
नेपालको पुरानो दैनिक पत्रिका गोरखापत्र हाल कति भाषामा प्रकाशित हुने गर्छ?,numerical,count,कति
जीउदो सहिद भनेर कसलाई चिनिन्छ ?,person,individual,कसलाई
मेचे जातिका पुरोहितलाई के भनेर चिनिन्छ ?,miscellaneous,other,के
नेपालमा सबैभन्दा बढि बाघ भएको रा. नि. कुन हो ?,organization,other,कुन
कोतपर्व हुदा नेपालका प्रधानमन्त्री को थिए ?,person,individual,को
विश्वमा सबैभन्दा बढी कम्प्युटर भएको देश कुन हो ?,location,country,कुन
प्लेग रोगको महामारीमा परी मर्ने राजा को हुन् ?,person,individual,को
सबै भन्दा सानो उपग्रह कुन हो ?,miscellaneous,other,कुन
बिश्वको पहिलो महिला राष्ट्रपति कुन देशकी हुन् ?,location,country,कुन
विश्वमा सबैभन्दा पुरानो मूर्ति कुन देशमा छ ?,location,country,कुन
कुन खातामा रकम जम्मा गर्दा व्याज पाइदैन ?,miscellaneous,other,कुन
नेपाल जस्तै शनिबार छुट्टी हुने देश कुन हो ?,location,country,कुन
सबैभन्दा पुरानो वेद कुन हो ?,miscellaneous,book,कुन
धरातलिय दृष्टिकोणले नेपाल कति प्रदेशमा बिभाजित छ ?,numerical,count,कति
संसारको पहीलो रोग केलाई मानीन्छ ?,miscellaneous,disease,के
चिठ्ठाको प्रचलन कुन देशबाट भएको हो ?,location,country,कुन
तोरीको फूलमा कती पुंकेसरहरु. हुनछन?,numerical,count,कति
मानिसको बेेैक्षानिक नाम के हो ?,miscellaneous,other,के
मह मैरिको केहो ?,miscellaneous,other,के
तोोरिको भाले अंगलाई के भनिन्छ?,explanation,description,के
वायुमन्डलको नाईट्रोजनलाई नाईट्रेटमा बदल्ने प्रकियालाई के भनिन्छ ?,miscellaneous,other,के
एनोफिलिस लामखुटट्का फुलहरु.कसरी रहन्छन?,explanation,method,कसरी
फूलको कुन भागमा परागकणहरुको निमार्ण हुन्छ ?,miscellaneous,other,कुन
आफ्नो खाना आफै बनाउने बनस्पतीलाई के भनिन्छ ?,miscellaneous,other,के
लामखुट्टेमा कस्तो गर्भधारण हुन्छ ?,explanation,description,कस्तो
तोरिको फुलमा कति ओटा स्त्रि अंग हुन्छन ?,numerical,count,कति
लाामखु्ट्टे कुन फाईलममा पर्दछ ?,miscellaneous,other,कुन
एनोोफिलिस जातिको लामखट्टेले एक पटकमा कति फुल पार्दछ?,numerical,count,कति
बिरु.वामा हुने िफसन कति प्रकारका हुन्छन ?,numerical,count,कति
मृत जिवनहरु.को शरिर कुहाउने जिवलाई के भनिन्छ?,miscellaneous,other,के
मृत बस्तुहरु. बिच्छेदन भई एमोनिया उत्पन्न हुनुलाई के भनिन्छ?,miscellaneous,other,के
रेसम किराको जिवन चक्रकति चरणमा पुरा हुन्छ?,numerical,count,कति
एउटा कोकुनबाट कति फिट लामो धागो निकाल्न सकिन्छ ?,numerical,length,कति
औलो र्ज्वरो कुन लामखुट्टेले सार्छ?,miscellaneous,other,कुन
कमिलो कुन पाईलममा पर्दछ्?,miscellaneous,other,कुन
क्यालिक्सको रगं कस्तो हुन्छ्?,miscellaneous,color,कस्तो
जिव बिज्ञानका पिता को हुन्?,person,individual,को
बर्गिकरणको आधारभुत एकाई के हो?,miscellaneous,other,के
दोहोरो सूचना प्रवाहको साधन कुन हो?,miscellaneous,other,कुन
"कम्युटरको सहायताले विश्वका विभिन्न भागमा रहेका मानिसहरु. बीच एउटै टेबुलमा छलफल 
गरेझै कुराकानि गर्ने प्रबिधिलाई के भनिन्छ ?",miscellaneous,other,के
कम्युयूटरको मुटु भन्नाले के लाई जनाउदछ?,miscellaneous,other,के
विश्व भरिका बिभिन्न कम्युटरहरु.लाई जोड्ने सञ्जाजाललाई के भनिन्छ?,miscellaneous,other,के
रेौडियोको आबिस्कार को हुन?,person,inventor,को
टेलिफोनका आबिस्कारक कि हुन?,person,inventor,को
ए टि म को पूरा के हो?,miscellaneous,expansion,के
रेडियो नेपालको स्थापना कहिले भयो?,temporal,date,कहिले
नेपाल टेलिभिजनको स्थापना कहिले भयो?,temporal,date,कहिले
गाेरखापत्रको स्थापना कहिलेदेखि भएकोहो ?,temporal,date,कहिले
१ मेगावाईटमा कति किलोवाईट हुन्छ?,numerical,count,कति
कम्युटर भाईरस बनाउने पहिलो व्यकति को हुन?,person,individual,को
"चिठ्ठीपत्र रेडियो ,टेलिभिजन पत्रपत्रिका बाट प्रवाह हुने सूचना प्रणालिलाई के भनिन्छ?",miscellaneous,other,के
टेेलिफोन मोबाईल फोन भिडियो च्याटिङ भिडियो कन्भेन्स आदिबाट हुने सूचना प्रणालिलाई के भनिन्छ?,miscellaneous,other,के
नेेपालमा हुलाक सेवा कहिलेबाट सु४वात भएको हो?,temporal,date,कहिले
टेलिभिजनका आबिसकार को हुन?,person,inventor,को
नेपालमा पहिलो पटक कम्युटर के काम को लागि ल्याईएको थियो?,miscellaneous,other,के
संसारमा सबैभन्दा बढि प्रयोग गरिने इनटरनेट वेवसाइट कुन हो ?,miscellaneous,other,कुन
दुई देश बिच कम्युटर जोड्ने उदाहारण के हो?,miscellaneous,other,के
कम्युनिकेशन कुन भाशाबाट आएको हो?,miscellaneous,language,कुन
नेपालमाा सूचना प्रबिधी पार्क को स्थापना कहा भएको छ?,location,city,कहाँ
इन्टरनेट बाट गरिनेव्यापारलाई के भनिन्छ?,miscellaneous,other,के
वाईनरी प्रणालिमा प्रयोग हुने अंकहरु. के के हुन्?,miscellaneous,other,के
कुनै पनि सख्या गनेर कार्य गर्ने कम्यूटरलाई के भनिन्छ?,miscellaneous,other,के
भ्याकुम ट्यूवको प्रयोग कुन पुस्ताको कम्युटरको गरिएको थियो?,numerical,rank,कुन
प्रकाश कुनै सतहमा ठक्कर खाइ फर्केर पहिलेको माध्यममा नै जाने प्रक्रियालाई के भनिन्छ ?,miscellaneous,other,के
हावामा प्रकाशको वेग कति हुन्छ ?,numerical,speed,कति
प्रकाश एक माध्यमबाट अर्को माध्यममा जाँदा बांगिएर जाने प्रक्रियालाई के भनिन्छ ।,miscellaneous,other,के
हावाबाट प्रकाश काँचमा जाँदा काँचको रिफ्राक्टीभ इन्डेक्स कति हुन्छ ?,numerical,other,कति
हावाबाट प्रकाश पानीमा जाँदा पानीको रिफ्राक्टीभ इन्डेक्स कति हन्छ ?,numerical,other,कति
हिराको रिफ्राक्टीभ इन्डेक्स कति हुन्छ ?,numerical,other,कति
केन्द्रीकरण अर्थात् कन्भर्जीङ्ग ऐना भनेको कुन ऐना हो ?,miscellaneous,other,कुन
काँचको चरमकोण कति हन्छ?,numerical,other,कति
TIR भनेको के हो ?,miscellaneous,expansion,के
मिराज भनेको के हो ?,explanation,description,के
कन्भेक्स लेन्सको अर्को नाम के हो ?,miscellaneous,other,के
कन्भेक्स लेन्स भन्नाले कस्तो लेन्सलाई जनाउँछ ?,explanation,description,कस्तो
कन्केभ लेन्सलाई के भनिन्छ ।,explanation,description,के
हाते लेन्स बनाउन कस्तो लेन्स प्रयोग गरिन्छ ?,explanation,description,कस्तो
लेन्सको केन्द्रलाई के भनिन्छ ?,miscellaneous,other,के
केन्द्रकरण दुरी भनेको के हो ?,miscellaneous,other,के
लेन्सको सामर्थ्यको एकाइ के हो ?,miscellaneous,other,के
मानिसको आँखाको नजिकको विन्दको दुरी कति हुन्छ ?,numerical,length,कति
पर्दामा उतार्न नसकिने आकृतिलाई के भनिन्छ ?,miscellaneous,other,के
पर्दामा उतार्न सकिने आकृतिलाई के भनिन्छ ?,miscellaneous,other,के
दुर दृष्टिको कारण के हो ?,explanation,reason,के
अदुर दृष्टिको कारण के हो ?,explanation,reason,के
दुर दृष्टि हटाउन कुन लेन्स प्रयोग गरिन्छ ?,miscellaneous,other,कुन
अदुर दष्टि हटाउन कुन लेन्स प्रयोग गर्नुपर्छ ?,miscellaneous,other,कुन
माइक्रोस्कोपले कुन कार्य गर्दछ ?,explanation,description,कुन
टेलिस्कोपको कार्य के हो ?,explanation,description,के
सूर्यको प्रकाश पृथ्वीमा आइपुग्न कति समय लाग्दछ ?,temporal,duration,कति
आँखामा पस्ने प्रकाशको मात्रालाई कुन भागले नियन्त्रण गर्दछ ?,miscellaneous,other,कुन
Hyper metropia भनेको के हो ?,explanation,description,के
Myopia भनेको के हो ?,explanation,description,के
पदार्थको अणुहरूको चालबाट उत्पन्न हुने शक्तिलाई के भनिन्छ ?,miscellaneous,other,के
पदार्थको अणुहरूको औसत गति शक्तिलाई के भनिन्छ ।,miscellaneous,other,के
तापक्रमको SI एकाइ के हो ?,miscellaneous,other,के
एक क्यालोरीमा कति जुल हुन्छ ?,numerical,other,कति
1gm शुद्ध पानीको तापक्रम 1°C बढाउन कति ताप चाहिन्छ ?,numerical,other,कति
मानिसको शरीरको तापक्रम कति हुन्छ ?,numerical,temperture,कति
37°C बराबर कति फरेनहाइट हुन्छ ?,numerical,temperture,कति
-40°F बराबर कति डिग्री सेल्सीयस हुन्छ ? ...,numerical,temperture,कति
अल्कोहल 78°C मा उम्लन्छ भने पारो कति उम्लन्छ ?,numerical,temperture,कति
अल्कोहल -115°C मा जम्छ भने पारो कतिमा जम्दछ ?,numerical,temperture,कति
Absolute zero कति डिग्री सेल्सीयस हुन्छ ?,numerical,temperture,कति
1kg पिण्ड भएको वस्तुको तापक्रम 1°C बढाउन आवश्यक ताप शक्तिलई के भनिन्छ ?,miscellaneous,other,के
सबैभन्दा बढी विशिष्ट तापधारण क्षमता भएको तरल पदार्थ कुन हो ?,miscellaneous,material,कुन
पानीको विशिष्ट तापधारण क्षमता कति हुन्छ ?,numerical,other,कति
पानीलाई 0°C देखि 4°C सम्म तताउँदा के हुन्छ ?,explanation,description,के
सुचालक वस्तुमा ताप प्रसारण हुने प्रक्रियालाई के भनिन्छ ?,miscellaneous,other,के
हावामा वा पानीमा ताप कुन प्रक्रियाद्वारा प्रसारण हुन्छ ?,miscellaneous,other,के
बिना माध्यम ताप प्रसार हुने प्रक्रिया कुन हो ?,miscellaneous,other,कुन
स्टाण्डर्ड वायुमण्डलीय चापको मान कति हो ?,numerical,other,कति
अल्कोहल थर्मोमिटर कहाँ प्रयोग गरिन्छ ?,miscellaneous,other,कहाँ
विशिष्ट तापधारण क्षमताको एकाइ के हो ?,miscellaneous,other,के
ध्वनी तरङ्ग भनेको के हो ?,miscellaneous,other,कुन
कम्पनको दिशा र तरङ्ग प्रसारणको दिशा एउटै हुन तरङ्ग कुन हो ?,miscellaneous,other,कुन
ध्वनीको वेग हावामा कति हुन्छ ?,numerical,speed,कति
ध्वनिको वेग पानीमा कति हुन्छ ?,numerical,speed,कति
20Hz भन्दा कम आवृत्ति भएको ध्वनीलाई के भनिन्छ ?,miscellaneous,other,के
20KHz भन्दा बढी आवृत्ति भएको ध्वनीलाई के भनिन्छ ?,miscellaneous,other,के
अल्ट्रासाउण्ड कुन जीवले निकाल्न र सुन्न सक्छ ?,miscellaneous,animal,कुन
समुद्रको गहिराई कुन उपकरणले नापिन्छ ?,miscellaneous,other,कुन
फ्याथोमिटरमा कुन प्रकारको ध्वनी प्रयोग गरिन्छ ?,miscellaneous,other,कुन
अउडीबल साउण्डको आवृत्ति कति हुन्छ ?,numerical,other,कति
ध्वनीको तीव्रता कुन एकाइमा नापिन्छ ?,miscellaneous,other,कुन
टेलिफोनको घण्टी बज्दा कति डेसिबलको ध्वनी निस्कन्छ ?,numerical,other,कति
परोवर्तित ध्वनीलाई के भनिन्छ ?,miscellaneous,other,के
परावर्तित ध्वनी पहिलेको ध्वनीसँग मिसिएर ध्वनी लम्बिएको सनिने प्रक्रियालाई के भनिन्छ ।,miscellaneous,other,के
दिनमा भन्दा रातमा ध्वनी टड्कारो सुनिनको कारण के हो ?,explanation,reason,के
प्रति सेकेण्ड समयमा उत्पन्न हुने तरङ्ग संख्यालाई के भनिन्छ ?,miscellaneous,other,के
पुषको भन्दा महिलाको स्वर किन सुरिलो हुन्छ ?,explanation,reason,किन
तापको समीकरण कुन हो ?,miscellaneous,other,कुन
प्रकाश तरङ्ग कस्तो तरङ्ग हो ?,explanation,description,कस्तो
रुखको पात हल्लिँदा कति डेसिबलको ध्वनी निस्कन्छ ?,numerical,other,कति
कानेखुशी गर्दा कति डेसिबलको ध्वनी निस्कन्छ ?,numerical,other,कति
कुराकानी गर्दा कति डेसिबलको ध्वनी निस्कन्छ ?,numerical,other,कति
कति डेसिबल भन्दा बढीको ध्वनी हानिकारक हुन्छ ?,numerical,other,कति
वरफको विशिष्ट ताप धारण क्षमता कति हुन्छ ?,numerical,other,कति
Hello भनेर फोनमा बोल्ने प्रथम व्यक्ति को हुन् ?,person,individual,को
पोखरीको गहिराई वास्तविक भन्दा कम देखिन्छ किन होला ?,explanation,reason,किन
बरफको घनत्व कति हुन्छ ?,numerical,other,कति
ऐनाको आविष्कारक को हुन् ?,person,inventor,को
ज्वरो आएको बेला बिरामीको निधारमा पानीमा भिजाएको चिसो रुमाल राख्नुको कारण के हो ?,explanation,reason,के
प्रकाशको किरण एक माध्यमबाट अर्को माध्यममा जाँदा बागिएर जाने प्रक्रियालाई के भनिन्छ ?,miscellaneous,other,के
प्रकाशको किरण एक माध्यमबाट अर्को माध्यममा जाँदा किन बाङ्गिन्छ ?,explanation,reason,किन
प्रकाशको किरण विरल माध्यमबाट सघन माध्यममा जाँदा नर्मलबाट कता जान्छ ?,miscellaneous,other,कहाँ
बीचको भाग बाक्लो र किनाराको भाग पातलो भएको लेन्सलाई के भनिन्छ ?,miscellaneous,other,के
बीचमा पातलो र किनाराको भाग बाक्लो भएको लेन्सलाई के भनिन्छ ?,miscellaneous,other,के
केन्द्रकरण विन्दुबाट लेन्सको आप्टिकल केन्द्रसम्मको दूरीलाई के भनिन्छ ?,miscellaneous,other,के
कन्केभ लेन्सको सामर्थ्य कस्तो हुन्छ ?,explanation,description,कस्तो
कन्भेक्स लेन्सको सामर्थ्य कस्तो हुन्छ ?,explanation,description,कस्तो
लेन्सको सामर्थ्यको एकाई के हो ?,miscellaneous,other,के
आकृतिको लम्बाई वा उचाई र वस्तुको लम्बाई वा उचाईको अनुपातलाई के भनिन्छ ?,miscellaneous,other,के
अदुर दृष्टिको कम्जोरी सुधार गर्न कस्तो लेन्सको प्रयोग गर्नुपर्छ ?,explanation,description,कस्तो
वस्तुमा भएको अणुहरुको गति शक्तिको योगलाई के भनिन्छ ?,miscellaneous,other,के
तापको सी.जी.एस. एकाइ के हो ?,miscellaneous,other,के
"एक ग्राम शुद्ध पानीको तापक्रम एक डिग्री से, वृद्धि गर्न आवश्यक तापशक्तिलाई के भनिन्छ ?",miscellaneous,other,के
पानीको घनत्व कति डिग्री से.मा सबैभन्दा बढि हुन्छ ?,numerical,temperture,कति
चिसोपन वा तातोपनको मापन भन्नाले के बुझिन्छ ?,miscellaneous,other,के
. गाडीको इन्जिन चिस्याउन केको प्रयोग गरिन्छ,miscellaneous,material,के
प्रतिध्वनि हुन ध्वनीको स्रोत र परावर्तन हुने सतहबीचको दुरी कति हुनुपर्छ ।,numerical,length,कति
गुञ्जायामान हुन ध्वनीको स्रोत र परावर्तन हने सतहबीचको दुरी कति हुनुपर्दछ ।,numerical,length,कति
घनत्व बढी भएको ग्याँसमा ध्वनिको बेग कस्तो हुन्छ ?,explanation,description,कस्तो
महिलाको स्वरको आवृत्ति करिब कति किलो हर्ज हुन्छ ?,numerical,frequency,कति
पुरुषको स्वरको आवृत्ति करिब कति किलो हर्ज हुन्छ ?,numerical,frequency,कति
भुकम्पको तरङ्ग कस्तो तरङ्ग हो ?,explanation,description,कस्तो
महिला र पुरुषमध्यको कस्को स्वरमा बढी तिक्ष्णता हुन्छ ?,miscellaneous,other,कसको
ध्वनि प्रसारण हुन के आवश्यक पर्छ ?,miscellaneous,other,के
ध्वनि तरङ्कको वेग सबैभन्दा बढी कुनमा हुन्छ ?,miscellaneous,material,के
कुन किरणको कारणले गर्दा घाममा बस्दा छाला पोल्छ ?,miscellaneous,other,कुन
Hypermetropia रोग केसँग सम्बन्धित छ ?,miscellaneous,other,के
प्रकाशको वर्णपटमा कुन रङ्कको किरणको तरङ्क लम्बाइ बढी हुन्छ ?,miscellaneous,color,कुन
विद्युत्को चुम्बकीय असर पत्ता लगाउने वैज्ञानिक को हुन् ?,person,discoverer,को
विद्युत्लाई तापशक्तिमा रूपान्तर गर्ने तारलाई के भनिन्छ ?,miscellaneous,other,के
टङ्गस्टेन कति तापक्रममा पग्लन्छ?,numerical,temperture,कति
विद्युत परिपथमा स्वीच र फ्युजलाई कुन तारसँग जोडिन्छ ?,miscellaneous,other,कुन
फिलामेन्ट बत्तीको कार्यक्षमता कति हुन्छ ?,numerical,percentage,कति
फ्लोरेसेन्ट बत्तीको कार्यक्षमता कति हुन्छ ?,numerical,percentage,कति
कुन उपकरणले विद्युत्शक्तिलाई गतिशक्तिमा रूपान्तर गर्छ ?,miscellaneous,device,कुन
अल्टरनेटिङ्ग emf लाई घटबढ गर्ने उपकरण कुन हो ?,miscellaneous,device,कुन
धारा विद्युत् नाप्ने उपकरण कुन हो ?,miscellaneous,device,के
विद्युत् मोटरका आविष्कारक को हुन् ?,person,inventor,को
भोल्टमिटरलाई परिपथमा कसरी जडान गरिन्छ,explanation,method,कसरी
फ्युज केबाट बनाइन्छ ?,miscellaneous,material,के
विद्युत प्रवाहलाई रोक्न खोज्ने गणलाई के भनिन्छ ?,miscellaneous,other,के
तारको अवरोध र तारको लम्बाईको सम्बन्ध कस्तो हुन्छ ?,explanation,description,कस्तो
इलेक्ट्रोनहरुको प्रवाहलाई के भनिन्छ ?,miscellaneous,other,के
विद्युत् चार्जको मात्रा कुन एकाइमा नापिन्छ ?,miscellaneous,other,कुन
पोटेन्सियल फरक र इलेक्ट्रामोटिम फोर्स केले नापिन्छ ?,miscellaneous,device,के
पोटेन्सियल फरकको S.I. एकाइ के हो ?,miscellaneous,other,के
फलोरेसेन्टबत्तीले कति प्रतिशत प्रकाश दिन्छ ?,numerical,percentage,कति
विद्यत् विच्छेदन क्रियाद्वारा एउटा धातुमा अर्को धातुको लेपन गर्ने क्रियालाई के भनिन्छ ?,miscellaneous,other,के
"याँ हातका ३ ओटा औंला प्रयोग गरी उत्पादित विद्युतको दिशा पत्ता लगाउने नियम कसले पत्ता
लगाएका हुन् ?",person,discoverer,कसले
चम्बकीय क्षेत्रमा रहेको तारमा विद्युत् बहँदा उक्त तारमा चाल उत्पादन हुन्छ भने यसलाई कुन असर भनिन्छ ?,explanation,description,कुन
चुम्बकको उत्तरी ध्रुवमा कुन रङ्गले रङ्गाइएको हुन्छ ?,miscellaneous,color,कुन
विद्युत् मोटरले विद्युत् शक्तिलाई कुन शक्तिमा रुपान्तर गर्छ ?,explanation,description,कुन
धेरै मात्रामा विद्युत् उत्पादन गर्न प्रयोग गरिने उपकरण कुन हो ?,miscellaneous,device,कुन
थोरै विद्युत् उत्पादन गर्न प्रयोग गरिने उपकरण कुन हो ?,miscellaneous,device,कुन
डाइनामो र जेनेरेटरले कसको सिद्धान्तमा काम गर्छन् ?,person,discoverer,कसको
विद्युत् भोल्टेजको मात्रा घटाउन वा बढाउन प्रयोग गरिने उपकरण कुन हो ?,miscellaneous,device,कुन
इन्पुट विद्युत् चापभन्दा आउटपुट विद्युत्को चाप बढाउने ट्रान्सफर्मर कुन हो ?,miscellaneous,other,कुन
इन्पुट विद्युत् चापभन्दा आएटपुट विद्युत्को चाप घटाउने ट्रान्सफर्मर कुन हो ?,miscellaneous,other,कुन
लाइभ तार वा फेजतार कुन रङको हुन्छ ?,miscellaneous,color,कुन
परिपथमा विद्युत्का ध्रुवहरु निरन्तर बदलिरहने करेन्टलाई के भनिन्छ,miscellaneous,other,के
परिपथमा विद्युत्का ध्रुव परिवर्तन नहुने करेन्टलाई के भनिन्छ ?,miscellaneous,other,के
सेलको धनात्मक टर्मिनलसँग जोडिएको इलेक्ट्रोडलाई के भनिन्छ ?,miscellaneous,other,के
सेलको ऋण ध्रुवसँग जोडिएको इलेक्ट्रोडलाई के भनिन्छ ?,miscellaneous,other,के
विद्युत् विच्छेदन गर्न प्रयोग गरिने भाँडोलाई के भनिन्छ ?,miscellaneous,device,के
भोल्टामिटरमा राखिएको इलेक्ट्रोलाइटमा प्रयोग गरिने छडलाई के भनिन्छ ?,miscellaneous,device,के
साधारणतया बत्तीको लाइनमा कति क्षमताको फूयज प्रयोग गरिन्छ ?,numerical,other,कति
ट्रान्सफर्मर कति प्रकारका हुन्छन् ?,numerical,count,कति
अर्थिङ तार कुन रंगको हन्छ ?,miscellaneous,color,कुन
हामो घरमा वितरण भएको लाइनको आवृत्ति कति हन्छ ?,numerical,frequency,कति
साधारणतया हाम्रो घरमा प्रयोग हुने विद्युत् कति voltage को हुन्छ ?,numerical,other,कति
अवपात कोण नाप्न प्रयोग गरिने उपकरण कुन हो ?,miscellaneous,device,कुन
फलामको कस्तो वस्तु हो ?,miscellaneous,other,कस्तो
५५ प्रतिशत तामा र ४५ प्रतिशत निकेल मिसाएर बनाइएको मिश्रित धातु कुन हो ?,miscellaneous,material,कुन
विद्युतको चुम्बकीय असरसम्बन्धी प्रयोग सर्वप्रथम कसले गरेका थिए ?,person,individual,कसले
"“विद्युत घण्टी"" धाराविद्युतको कुन असर हो ?",explanation,description,कुन
पानी बरफ बन्नु कस्तो परिवर्तन हो ?,explanation,description,कस्तो
पारमाणविक कणहरूको पिण्ड नाप्ने एकाइलाई के भनिन्छ ?,miscellaneous,other,कस्तो
युरानियमको पारमाणविक संख्या कति हो ?,numerical,rank,कति
कन धातु सामान्य चाप र तापक्रममा तरल अवस्थामा पाइन्छ ?,miscellaneous,material,कुन
आधुनिक पेरियोडिक तालिकामा कति ओटा पिरियड छन् ?,numerical,count,कति
प्राकतिक रूपमा कतिवटा तत्वहरू पाइएका छन् ?,numerical,count,कति
रासायनिक प्रतिक्रियाको दरलाई प्रभाव पार्ने रसायनलाई के भनिन्छ ?,miscellaneous,other,के
मानिसको आमाशयमा कुन अम्ल उत्पन्न हुन्छ ?,miscellaneous,material,कुन
पेटमा आम्लीयपना घटाउन कुन अल्काली प्रयोग गरिन्छ ?,miscellaneous,material,कुन
रासायनिक परिवर्तनद्वारा टुक्रयाउन नसकिने पदार्थलाई के भनिन्छ ?,miscellaneous,other,के
तत्वहरूबीच इलेक्ट्रोनको साटफेर अर्थात् स्थानान्तरण भई बनेको यौगिकलाई के भनिन्छ ?,miscellaneous,other,के
सबैभन्दा हलुको पारमाणविक कण कुन हो ?,miscellaneous,other,कुन
इलेक्ट्रोन कसले पत्ता लगाएका हुन् ?,person,discoverer,कसले
धातुको आयोनमा कस्तो चार्ज हुन्छ ?,miscellaneous,other,कस्तो
चुनढुङ्गाको आणविक भार कति हुन्छ ?,numerical,other,कति
विभिन्न रङ्गहरूको मिश्रण छुट्याउने विधिलाई के भनिन्छ ?,miscellaneous,other,के
सबैभन्दा कमजोर अम्ल कुन हो ?,miscellaneous,material,कुन
धातुको अक्साइड कस्तो गुण भएका हुन्छन ?,miscellaneous,other,कस्तो
अधातुको अक्साइड कस्तो गुण भएका हन्छ ?,miscellaneous,other,कस्तो
जम्मा तत्वमध्ये धातुको संख्या कति छ ?,numerical,count,कति
तटस्थ यौगिकको PH मान कति छ ?,numerical,other,कति
फलामको धाउ कुन हो ?,miscellaneous,material,कुन
सुन्तलामा कुन एसिड पाइन्छ ?,miscellaneous,material,कुन
हिरा कुन तत्वबाट बनेको हुन्छ ?,miscellaneous,material,कुन
वायुमण्डलीय तापक्रममा तरल अवस्थामा रहने अधातु कुन हो ?,miscellaneous,material,कुन
उत्प्रेरक कति प्रकारका छन् ?,numerical,count,कति
रासायनिक प्रतिक्रियालाई प्रभाव पार्ने तत्वलाई के भनिन्छ ?,miscellaneous,other,के
रासायनिक यौगिकहरु आयोनमा छुट्टिने प्रक्रियालाई के भनिन्छ ?,miscellaneous,other,के
विद्युत् विच्छेदन क्रियामा क्याथोडतिर लाग्ने आयोनलाई के भनिन्छ ?,miscellaneous,other,के
विद्युत् विच्छेदन क्रियामा एनोडतिर लाग्ने आयोनलाई के भनिन्छ ?,miscellaneous,other,के
घोल कति प्रकारका छन् ?,numerical,count,कति
मिश्रण कति प्रकारका छन ?,numerical,count,कति
अणहरु मिलि एक निश्चित ज्यामितीय आकार बनाइ बस्ने पदार्थका मसिना कणलाई के भनिन्छ ?,miscellaneous,other,के
जोडले घमाएर मिश्रणमा भएका अवयव छुट्टयाइने विधिलाई के भनिन्छ ?,miscellaneous,other,के
मणिभ नबन्ने पदार्थलाई के भनिन्छ ?,miscellaneous,other,के
पदार्थको अणुहरु पूर्णरुपले खाँदिएर रहेको पदार्थलाई के भनिन्छ ?,miscellaneous,other,के
जीव जन्तुमा पाइने अम्ललाई के भनिन्छ ?,miscellaneous,other,के
कुनै वस्तु अम्लीय वा क्षारीय के छ भनी चिन्न प्रयोग गरिने वस्तुलाई के भनिन्छ ?,miscellaneous,other,के
धातुको अवसाइड वा हाइड्रोअक्साइडलाई के भनिन्छ ?,miscellaneous,other,के
शुद्ध पानीको PH मान कति हुन्छ ?,numerical,other,कति
परमाणुहरुको इलेक्ट्रोनको लेनदेनबाट वन्ने यौगिकमा कुन बोण्ड बन्दछ ?,miscellaneous,other,कुन
परमाणको इलेक्ट्रोनहरुको साझेदारीबाट बन्ने यौगिकमा कुन बोण्ड बन्दछ ?,miscellaneous,other,कुन
क्याल्सियमको संयज्यता कति हुन्छ ?,numerical,other,कति
हाइड्रोजनको संयुज्यता कति हुन्छ ?,numerical,other,कति
कार्बनको संयज्यता कति हुन्छ ?,numerical,other,कति
प्राकृतिमा सबैभन्दा बढी पाइने ग्याँस कुन हो ?,miscellaneous,material,कुन
सूर्यमा सबैभन्दा बढी कुन तत्व छ ?,miscellaneous,material,कुन
आधुनिक पेरियाडिक तालिकामा कतिवटा पेरियोड छन् ?,numerical,count,कति
अम्लले धातुहरुसँग प्रतिक्रिया गरि के बनाउँछ ?,miscellaneous,material,के
ड्राइसेल व्याट्रीमा कुन लवण प्रयोग गरिन्छ ?,miscellaneous,material,कुन
युनिभर्सल सूचक पदार्थमा रातो रंगले केलाई जनाउँछ ?,miscellaneous,other,के
युनिभर्सल सूचक पदार्थमा निलो रंगले केलाई जनाउँछ ?,miscellaneous,other,के
प्रयोगशालामा बनाउने अम्ललाई के भनिन्छ?,miscellaneous,other,के
तत्वको सबैभन्दा सानो कणलाई के भनिन्छ ?,miscellaneous,other,के
पदार्थको सवै गुण यथावत् कायम रहेका सबैभन्दा सानो कणलाई के भनिन्छ ?,miscellaneous,other,के
पारमणिक पिण्डको एकाइ के हो ?,miscellaneous,other,के
पोटासियमको संकेत के हो ?,miscellaneous,other,के
सोडियमको संकेत के हो ?,miscellaneous,other,के
ताप उत्पन्न हने रासायनिक प्रतिक्रियालाई के भनिन्छ ?,miscellaneous,other,के
ताप लिने रासायनिक प्रतिक्रियालाई के भनिन्छ?,miscellaneous,other,के
कमिलाले चिल्दा हाम्रो शरिरभित्र कन अम्ल पस्दछ ?,miscellaneous,material,कुन
सिस्नुले पोल्दा कुन अम्ल हाम्रो शरिरभित्र जान्छ ?,miscellaneous,material,कुन
इलेक्ट्रोन पत्ता लगाउने वैज्ञानिक को थिए ?,person,discoverer,को
विश्व सम्पदा सुचिमा नेपालका कति सम्पदा सुचिकृत छन ?,numerical,count,कति
जय नेपाल शब्दको पहिलो पटक प्रयोग कसले गरेका थिए ?,person,individual,कसले
नेपालमा हाल कति ओटा राष्ट्रिय गौरवका आयोजनाहरु रहेका छन ?,numerical,count,कति
नेपालको कुल भुभागको कति प्रतिशत भुमिमा खेती गरिएको छ?,numerical,percentage,कति
नेपालको पहिलो राजमार्ग कुन हो ?,location,other,कुन
काठमाडौं - पोखरा सडकको नाम के हो?,location,other,कुन
किताबको अगाडि र पछाडि राखिएको खालि पानालाई के भनिन्छ ?,miscellaneous,other,के
जिरो आविष्कारक को हुन ?,person,inventor,को
नेपालमा चिया खेती कुन जिल्लाबाट शुरुवात भएको हो ?,location,district,कुन
१४ अञ्चल ७५ जिल्ला बिभाजन कहिले भयो ?,temporal,date,कहिले
हालसम्म नेपालमा कति मेगावाट विधुत उत्पादन भएको छ?,numerical,other,कति
भुकम्प दिवस कहिले मनाइन्छ नेपालमा?,temporal,day,कहिले
छिन्नमस्ताको मन्दिर कुन जिल्लामा पर्छ ?,location,district,कुन
थारु जाति को घरज्वाइ प्रथा लाइ के भनिन्छ,miscellaneous,other,के
जाखिरा ताल कुन जिल्लामा पर्छ ?,location,district,कुन
भण्डारखाल पर्वलाई अर्को कुन नामले चिनिन्छ ?,miscellaneous,other,कुन
नेपाल र भारत बिच कति ओटा व्यापारिक नाका खुल्ला गरिएको छ ?,numerical,count,कति
स्थानीय तहको बिभाजन पछि नेपालको सानो जिल्ला कुन हो ?,location,district,कुन
घोर्ने झरना कहाँ रहेको छ ?,location,district,कहाँ
गौतम बुद्दले पहिलो उपदेश कहा दिए ?,location,city,कहाँ
नेपाल को दोस्रो मिस नेपाल को हो?,person,individual,को
लोकसेवा आयोगका प्रथम अध्यक्ष को हुन् ?,person,individual,को
नेपालको अग्लो स्थानमा रहेको मन्दिर कुन हो ?,miscellaneous,other,कुन
प्रथम बिस्वयुद्धको समाप्ति कन सन्धिबाट भएको हो ?,miscellaneous,other,कुन
नेपाल लाई छुवाछूत मुक्त राष्ट्र कहिले घोषणा गरियो ?,temporal,date,कहिले
प्रथम राष्ट्रिय महिला अधिकार दिवस को नारा के रहेको छ ?,explanation,description,के
विश्वको पहिलो नगदेबाली केलाई मानिन्छ,miscellaneous,other,के
नेपालमा वृक्षरोपण कार्यक्रमको प्रारम्भ कहिले देखि भएको हो?,temporal,date,कहिले
एशियन हाइवेका सबैभन्दा कम खण्ड कहाँ पर्छ ?,location,country,कहाँ
विक्रम सम्बत र इस्वी सम्बतको बीचमा कति अन्तर छ ?,numerical,other,कति
खोल्साको सुन भन्नाले कुन नगदेबालिलाई चिनिन्छ ?,miscellaneous,other,कुन
आँसुकवि' भनेर कसलाई चिनिन्छ ?,person,individual,कसलाई
बिजुलीको वल्भमा कुन ग्याँस भरिएको हुन्छ ?,miscellaneous,material,कुन
सेतो सुन' भन्नाले के बुझिन्छ ?,miscellaneous,other,के
कालो हीरा भन्नाले के बुझिन्छ?,miscellaneous,material,के
२०७४ पुसमा चितवनको सौराहामा सम्पन्न महोत्सवमा हात्ती सुन्दरी प्रतियोगिताको उपाधि कसले जित्यो ?,miscellaneous,other,कसले
नेपाली भाषामा प्रकाशित पहिलो पत्रिका कुन हो ?,miscellaneous,press,कुन
राजदरबारको पर्खाल नाघेर श्री ५ त्रिभुवनलाई भेट्न जाने व्यक्ति को हुन् ?,person,individual,को
किराँत धर्मका महागुरु फाल्गुनन्दलाई नेपालका राष्टिय विभुतिमा कहिले घोषित गरियो ?,temporal,date,कहिले
एकैपटक दाहिने हातले अगेजी र देब्रे हातले फ्रेन्च भाषामा लेख्न सक्ने अमेरिकाका राष्ट्रपति को थिए ?,person,individual,को
राष्ट्रियसभा सदस्य निर्वाचन कहिले सम्पन्न भयो ?,temporal,date,कहिले
नेपालको पहिलो निजामती कर्मचारी मानिने केशवराज मास्केको निधन कहिले भयो ?,temporal,date,कहिले
हरेक चार बर्षमा प्रदान गरिने चार लाख पुरस्कार राशिको पृथ्वीप्रज्ञा पुरस्कार २०७४ बाट सम्मानित कसलाई गरियो ?,person,individual,कसलाई
वि.सं २००४ फागुन १२ गते बसेको प्रदेश नं ६ को प्रदेशसभा बैठकले प्रदेश नं ६ लाई के नामाकरण गरेको छ ?,location,state,के
नेपालको महान्यायाधिवक्तामा नियुक्त कानुन विद को हुन ?,person,individual,को
आठौ राष्ट्रिय खेलकुद प्रतियोगिताको मस्कट के रहेको छ ?,miscellaneous,other,के
नेपालको कुन ठाउँमा अन्तराष्ट्रिय स्तरको चलचित्र नगरी निमार्ण गर्न थालिएको छ ?,location,city,कुन
खोटाडलाई साक्षर जिल्ला घोषणा कहिले गरियो ?,temporal,date,कहिले
स्मार्ट गोरखापत्र-२०१८ को औपचारिक शुभारम्भ कहिले देखि गरियो ?,temporal,date,कहिले
दुरसंचार प्राधिकरणका अनुसार २०७४ मंसिर मसान्तसम्म कुल जनसंख्याको कति प्रतिशत जनसंख्या इन्टरनेटको पहुँचमा रहेका छन ?,numerical,percentage,कति
दोस्रोपटक केपि शर्मा ओलि कहिले प्रधानमन्त्री भए ?,temporal,date,कहिले
वि.सं २०७३ सालको मदन पुरस्कार कसलाई प्रदान गरियो ?,person,individual,कसलाई
प्रधानसेनापती खुल्ला म्याराथन- २०७४ कसले जिते ?,person,individual,कसले
नेपालमा पहिलो चिया गणना कहिले देखि सुरु गरियो ?,temporal,date,कहिले
वि.सं २०७४ सालको उत्तम शान्ति पुरस्कार कसलाई प्रदान गरियो ?,person,individual,कसलाई
नेपालसंग दोहोरो कर मुक्त भएका देशहरू कति ओटा छन ?,numerical,count,कति
कर्णाली विकास आयोगद्वारा कर्णाली विकासको लागि कति बर्षे योजना तर्जुमा गरेको छ?,numerical,other,कति
WWF को नेपाल प्रतिनिधिको रुपमा नियुक्त हुने संरक्षण विद को हुन ?,person,individual,को
३० मेगावाट क्षमताको चमेलिया जलविद्युत आयोजनाबाट औपचारिक रुपमा उत्पादन कहिले देखि सुरु गरियो ?,temporal,date,कहिले
नासाद्वारा मंगल ग्रहमा कहिले इन्साइडर ल्यान्डर यान अवतरण गर्यो ?,temporal,date,कहिले
13औ G 20 को सिखर सम्मेलन कहिले बस्यो ?,temporal,date,कहिले
धनकुटाकि बन्दना नेपाल ले कहिले 126 घन्टा नाचेर गिनिज बुक मा नाम लेखाइन ?,temporal,date,कहिले
एसियाको एक मात्र रोमन क्याथोलिक मुलुक कुन हो ?,location,country,कुन
विश्व प्रेस स्वतन्त्रता 2018 मा नेपाल कति स्थानमा छ ?,numerical,rank,कति
विश्व शान्ती सुचाउक 2018 मा नेपाल कुन स्थानमा छ?,numerical,rank,कति
नेपालमा पहिलो एभोकाडो महोत्सव कहिले भयो ?,temporal,date,कहिले
लुम्बिनीमा पहिलो पल्ट कहिले चरा महोत्सव भयो ?,temporal,date,कहिले
सगरमाथा आरोहण गर्ने एकजना आरोही बराबर कति के.जी फोहोर आधार शिविरसम्म अनिवार्यरुपमा ल्याउनुपर्ने नियम छ ?,numerical,weight,कति
नेपालमा भूतपूर्व प्रधानमन्त्री तथा मन्त्रीहरूको सरकारी सेवा सुविधा फिर्ता दिनुपर्ने आदेश सर्वोच्च अदालतले कहिले जारी गरेको थियो ?,temporal,date,कहिले
नेपालको पहिलो पुर्ण खोपयुक्त प्रदेश कुन हो ?,location,state,कुन
हात्तिको देश भनेर कुन देशलाई चिनिन्छ ?,location,country,कुन
नेपालको सबैभन्दा अग्लो झरना कुन हो ?,location,other,कुन
नेपालको पछिल्लो जिल्ला भनेर कुन जिल्लालाई चिनिन्छ ?,location,district,कुन
पैगम्बर शब्दको अर्थ के हुन्छ ?,explanation,description,के
भारतका अन्तिम हिन्दु राजा को थिए ?,person,individual,को
"भौगोलिक इतिहासमा 'नयाँ रोजको युग"" भनेर कुन शताब्दीलाई चिनिन्छ ?",numerical,rank,कुन
कुन महादेशलाई 'Last Of Lands' पनि भनेर चिनिन्छ ?,location,continent,कुन
पलेटी' केसंग सम्बन्धित छ ?,miscellaneous,other,के
मोहन जोड्दा भन्नाले के बुझिन्छ ?,miscellaneous,other,के
चुरौटी भाषा बोल्ने समुदाय कुन हो ?,organization,other,कुन
ल्याकोस खेलमा कतिजना खेलाडी हुन्छन ?,numerical,count,कति
भारतीय सर्वे विभागले कहिले गरेको मापनलाई नै सगरमाथाको उचाइ मान्दै आएको हो ?,temporal,date,कहिले
रुसमा जार शासनको अन्त्य भई कहिले देखि सोभियत संघ गणराज्य घोषित भएको हो ?,temporal,date,कहिले
दक्षिण रानी' भनेर कुन शहरलाई चिनिन्छ ?,location,city,कुन
राजारानि ताल' कुन जिल्लामा पर्दछ ?,location,district,कुन
नरेन्द्र मोदीको पहिलो नेपाल भ्रमण कहिले भएको थियो ?,temporal,date,कहिले
रावणले सीतालाई हरण गरेर राखेको ठाउँलाई के भनिन्छ ?,location,other,के
वानगड्गा सिचाइ आयोजना कुन जिल्लामा पर्दछ ?,location,district,कुन
दक्षिण अमेरिकाको विषम हावापानीको देश भनेर कुन मुलुकलाई चिनिन्छ ?,location,country,कुन
दक्षिण अमेरिकाको सबैभन्दा बढी विमानस्थल भएको देश कुन हो ?,location,country,कुन
बफर जोन अफ युरोप' भनेर कुन देशलाई चिनिन्छ ?,location,country,कुन
६५०० कि.मि. लामो सिल्क राड कहाँ बाट सुरु भएर कहाँ अन्त्य हुन्छ ?,location,other,कहाँ
काठमाडौं सगे भागिनी सम्बन्ध कायम भयकी छोरी को हुन ?,miscellaneous,other,को
33 औ आसियान सिखर सम्मेलन कहिले भएको हो ?,temporal,date,कहिले
बिमेस्टेको चौथो सिखर सम्मेलन कहिले भयो ?,temporal,date,कहिले
मानब बिकास सचाकाड़क 2018 मा कति स्थान मा छ?,numerical,rank,कति
मिस युनिभर्स 2018 को भइन ?,person,individual,को
भारतको १७औं लोकसभा निर्वाचनमा कुन पार्टीको गठबन्धनले बहुमत हासिल गरेको छ ?,organization,other,कुन
नेपाली कांग्रेसद्वारा छाया सरकारको गठन कहिले भयो ?,temporal,date,कहिले
२०७६ जेठ ४ मा मनाइएको बुद्ध जयन्ती कतिऔँ बुद्धजयन्ती हो ?,numerical,rank,कति
मध्य पहाडी लोकमार्गअन्तर्गत बिछ्याइने अप्टिकल फाइबर कति जिल्लामा सञ्जाल विस्तार गरिने भएको छ ?,numerical,count,कति
विश्व दूरसञ्चार दिवस कहिले मनाइन्छ ?,temporal,day,कहिले
इन्डोनेसियाको राष्ट्रपतिमा दोस्रो कार्यकालको लागि को निर्वाचित भएका छन् ?,person,individual,को
राष्ट्रपतिद्वारा युगकवि सिद्धिचरण पुरस्कार–२०७६ कसलाई प्रदान भयो ?,person,individual,कसलाई
सरकारले प्रत्येक वर्ष कहिले राष्ट्रिय महिला अधिकार दिवस मनाउने निर्णय गरेको छ ?,temporal,day,कहिले
हालै प्रकाशित ब्ल्याकहोलको तस्बिर खिच्न सफल महिला को हुन् ?,person,individual,को
अन्तर्राष्ट्रिय जैविक विविधता दिवस २०१९ मे २२ को नारा के रहेको छ ?,explanation,description,के
पृथ्वीको धरातलाई कतिवटा हावाका चाप पेटिकामा विभाजन गरिएको छ ?,numerical,count,कति
"सरकारले २०७६ लाई कुन अभियान लिएर संघ, प्रदेश र स्थानीय तहमा कार्यक्रम सञ्चालन गर्ने निर्णय गरेको छ ?",explanation,description,कुन
दुर्लभ वन्यजन्तु हाब्रेको प्रजनन केन्द्र कहाँ स्थापना गरिएको छ ?,location,city,कहाँ
ब्रिक्सको ११औँ सम्मेलन २०१९ मा कुन देशमा हुँदै छ ?,location,country,कुन
नेपालको संविधान २०७२ बमोजिम नेपाल सरकारको मुख्य कानुनी सल्लाहकार को हुने व्यवस्था रहेको छ ?,person,appellation,को
नेपालको नयाँ राष्ट्रिय गानको सार्वजनिक कहिले भएको हो ?,temporal,date,कहिले
Father Of Microbiology भनेर कुन वैज्ञानिकलाई चिनिन्छ ?,person,individual,कसलाई
अफ्रिका महादेशमा फैलिएको घाँसे मैदानलाई के भनिन्छ ?,miscellaneous,other,के
नेपाल सरकारद्वारा प्रदान गरिने अलंकारहरू कतिवटा छन् ?,numerical,count,कति
नेपालले सर्वप्रथम कुन देशसँग श्रम सम्झौता गरेको थियो ?,location,country,कुन
सार्कले कुन वर्षलाई वातावरण वर्षका रूपमा मनाएको थियो ?,temporal,year,कुन
नेपालमा भौगर्भिक विभागको स्थापना कहिले भएको थियो ?,temporal,date,कहिले
Blue and Bear केसँग सम्बन्धित छ ?,miscellaneous,other,के
‘मेरो रगत फ्रान्सको समृद्धिको कारण बनोस्’ यो भनाइ कसको हो ?,person,individual,कसको
डटपेनको अविष्कार कसले गरेका हुन् ?,person,inventor,कसले
नेपाल टेलिकमले कहिलेदेखि प्रिपेड मोबाइल सेवा प्रारम्भ गरेको हो ?,temporal,date,कहिले
चियामा कुन विषालु क्षारिय तत्व हुन्छ ?,miscellaneous,material,कुन
खुट्टामा जिव्रो हुने जीव कुन हो ?,miscellaneous,other,कुन
मानिसले सबैभन्दा छिटो गर्न सक्ने काम कुन हो ?,explanation,description,कुन
जिब्रोको भित्री भागले कुन स्वाद थाहा पाउँछ ?,miscellaneous,other,कुन
मानिस स्वथ्य रहन कति प्रकारका भिटामिन खानु पर्छ ?,numerical,count,कति
संसारकै सबैभन्दा बढी सर्ने रोग कुन हो ?,miscellaneous,other,कुन
भुटानको राष्ट्रिय एयरलायन्सको नाम के–हो ?,organization,other,के
याहुका संस्थापक को–को हुन् ?,person,individual,को
सन् २०१२ को यरो कप फुटबलको उपाधी कुन देशले जित्यो ?,location,country,कुन
असंलग्न राष्ट्रको १७ सम्मेलन कुन राष्ट्रमा सन् २०१५ मा आयोजना हुँदैछ ?,location,country,कुन
अस्ट्रेलियामा निर्वाचनमा मत नखसालेमा कति जरिवाना तिर्नुपर्छ ?,numerical,money,कति
सन् २०१२ मा लन्डन ओलम्पिकमा नेपाली टोलीको नेतृत्व गर्दै मार्च पासमा नेपालको झन्डा कुन खेलाडीले बोकेका थिए ?,person,individual,कुन
विचित्र नामको गुफा कुन जिल्लामा अवस्थित छ ?,location,district,कुन
नेपालमा गद्य कविताको शुरुवात गर्नै साहित्यकार को हुन् ?,person,individual,को
विश्वमा सबैभन्दा पुरानो राजतन्त्र भएको मूलुक कुन हो ?,location,country,कुन
भगवान गोतम बुद्धको मृत्यु पश्चात् बौद्ध धर्मको बारेमा लेखिएको पहिलो ग्रन्थ कुन हो ?,miscellaneous,book,कुन
लेवनानी भाषामा ‘हिजबुल्लाह’ भनेको के हो ?,miscellaneous,other,के
अन्तराष्ट्रिय हात्तिपोलो खेल नियमित रुपमा कुन देशमा हुने गर्दछ?,miscellaneous,country,कुन
संसारकै सबैभन्दा ठूलो कम्प्युटर सफ्टवेयर उत्पादक कम्पनी कुन हो ?,organization,other,कुन
सूर्यग्रहण र चन्द्रगहण कुनकुन किनाराबाट लाग्न सुरु गर्दछ ?,explanation,description,कुन
लोटस–१२३ केसँग सम्बन्धीत छ ?,miscellaneous,other,के
अल्वर्ट आइन्स्टाइनलाई कुन देशको राष्ट्रपति हुुन आग्रह गरिएको थियो ?,person,individual,कुन
प्राणी विकाशका सिद्धान्तलाई सबैभन्दा पहिले प्रामाणिक रुपमा कसले व्याख्या गरेको मानिन्छ ?,person,individual,कसले
अन्तराष्ट्रिय स्तरको ‘ग्लोवल ५००’ पुरस्कार पाउने प्रथम नेपाली को हुन् ?,person,individual,को
पृथ्वीको गतिभन्दा परमाणु घडी कति समयले चलाख रहेको छ ?,temporal,duration,कति
कमल फूलको आकार भएको नाटक देखाउन अपेरा घर कुन देशको कुन शहरमा छ ?,location,country,कुन
सन् २०१० को विश्वकप फुटबलमा कुन टिम उप–बिजेता भएको थियो ?,location,country,कुन
नेपाली नागरिकतामा अंग्रेजी भाषामा समेत कहिलेदेखी वितरण गर्न थालियो ?,temporal,date,कहिले
फिलामेन्ट बत्तीको आयु कति हुन्छ,temporal,duration,कति
नेपालको पहिलो सर्च इन्जिन कुन हो ?,miscellaneous,other,कुन
हवाईजहाज उड्दा प्रयोग गरिने ग्यास कुन हो ?,miscellaneous,material,कुन
भारतीय संसद परिषदमा कुन नेपालीको सालिक रहेको छ ?,person,individual,कुन
लालबकैया नदीको किनारमा रहेको जिल्ला सदरमुकाम कुन हो ?,location,city,कुन
नेपालको सबैभन्दा होचो भाग कुन हो ?,location,city,कुन
इतिहासका पिता भनि कसलाई भनिन्छ ?,person,individual,कसलाई
क्यालकुलेटरका अविष्कार कसले गरेका हुन् ?,person,inventor,कसले
घरमा हुने सामान्य कुराकानीमा कति डेसिबल ध्वनी उत्पन्न हुन्छ ?,numerical,other,कति
"नेपालको अन्तरिम संविधान, २०६३ कहिले जारी भयो ?",temporal,date,कहिले
संयुक्त राष्ट्रसंघको महासभाको अध्यक्ष हुने पहिलो महिला को हुन् ?,person,individual,को
पाकिस्तानको केन्द्रीय बैंकलाई के भनिन्छ ?,organization,bank,के
विश्वमा सबैभन्दा बढी रेमिट्यान्स आउने मुलुक कुन हो ?,location,country,कुन
नेपालको सम्मानार्थ नागरिकता पाउने पहिलो विदेशी को हुन् ?,person,individual,को
ह्यारी पोटर पुस्तक शृङ्खलाकी लेखिका को हुन् ?,person,individual,को
प्रधानमन्त्री मुस्लिम हुँदा राष्ट्रपति क्रिश्चियन र राष्ट्रपति मुस्लिम हुँदा प्रधानमन्त्री क्रिश्चियन हुने राष्ट्र कुन हो ?,location,country,कुन
नेपालको राष्ट्रियगानमा कति शब्द र कति ओटा अक्षर छन् ?,numerical,count,कति
संयुक्त राष्ट्रसंघमा भिटो प्रयोग गर्नै पहिलो मुलुक कुन हो ?,location,country,कुन
अठारौं सार्क शिखर सम्मेलन कहाँ हुने भएको छ ?,location,city,कहाँ
विश्वको प्रथम लिखित संविधान कुन देशको हो ?,location,country,कुन
व्यवस्थापिका संसदले पारित गरेको पहिलो कानुन कुन हो ?,miscellaneous,other,कुन
´´शब्दविद्या`` कसको रचना हो ?,person,individual,कसको
अन्तर्राष्ट्रिय मुद्राकोषले कहिलेदेखि राष्ट्र संघको विशिष्टिकृत निकाय बनेको हो ?,temporal,date,कहिले
आ.व. २०७२/७३ को बजेटमा राष्ट्रिय पुनर्निर्माण कोषमा कति रकम विनियोजन गरिएको छ?,numerical,money,कति
आ.व.२०७२/७३ को बजेटमा खर्च बेहोर्ने श्रोत मध्ये राजस्वबाट कति प्राप्त हुने अनुमान गरिएको छ?,numerical,money,कति
जिका भाईरस सर्वप्रथम मानिसमा कहिले देखा परेको थियो ?,temporal,date,कहिले
अलपेश्वर गुफा नेपालको कुन जिल्लामा रहेको छ ?,location,district,कुन
चाँगुनारायण मन्दिर कुन कालमा निर्माण भएको थियो ?,temporal,other,कुन
पैगम्बर मोहम्मद मक्काबाट मदिना पुगेको घटनालाई के भनिन्छ ?,miscellaneous,other,के
चालू आर्थिक वर्ष २०७२/७३ को बजेटमा सबैभन्दा बढी बजेट कुन क्षेत्रलाई विनियोजन गरिएको छ?,miscellaneous,other,कुन
महाभुकम्प-२०७२ब ाट क्षेती ग्रस्त संरचनाको पुनर्निर्माण महाअभियान कहिलेबाट सुरु भयो ?,temporal,date,कहिले
जुफाल विमानस्थल कुन जिल्लामा रहेको छ?,location,district,कुन
ऋग्वेदमा सबैभन्दा बढी वर्णन गरिएको पात्र को हुन् ?,person,individual,को
शनि देवताको बाहनलाई के भनिन्छ ?,miscellaneous,other,के
मनसिरी हिमश्रृंखला कुन अंचलमा पर्दछ ?,location,other,कुन
शुद्धोधन राजाको राजधानी कहाँ थियो ?,location,city,कहाँ
गौरीका सिंह कुन खेलसँग सम्बन्धित छ ?,miscellaneous,other,कुन
नेपालको संविधानको कुन अनुसुचीमा संघ र प्रदेशको साझा अधिकारको सुची उल्लेख गरिएको छ ?,miscellaneous,other,कुन
संयुक्त राष्ट्रसंघको संस्थापक सदस्य राष्ट्र कति थिए ?,numerical,count,कति
ATM card लाई प्रयोगमा ल्याउने नेपालको पहिलो बैंक कुन हो ?,organization,bank,कुन
हाल विश्व बैंक अन्तर्गत कति वटा संस्थाहरू आवद्ध छन् ?,numerical,count,कति
नागरिक बडापत्रलाई सबैभन्दा पहिला प्रचलनमा ल्याउने राष्ट्र कुन हो ?,location,country,कुन
एशियाली खेलकुद संघको स्थापना कहिले भएको हो ?,temporal,date,कहिले
विश्वको दोस्रो ठुलो महादेश कुन हो ?,location,continent,कुन
म्यानमारमा सबैभन्दा पछिल्लो संसदीय निर्वाचन कुन मितिमा भएको थियो ?,temporal,date,कहिले
सहश्रधारा झरना कुन जिल्लामा रहेको छ ?,location,district,कुन
नेपालमा २०७२ बैशाख १२ मा आएको भुकम्प पछिको पहिलो दाता सम्मेलन कहिले भएको थियो ?,temporal,date,कहिले
हालै भारतमा भएको साफ खेलकुदमा नेपालले कुन खेलमा पहिलो स्वर्ण पदक प्राप्त गरेको थियो ?,miscellaneous,other,कुन
योगशस्त्रका प्रवर्तक को हुन् ?,person,individual,को
नागरिक कर्तव्य उल्लेख गरिएको नेपालको पहिलो संविधान कुन हो ?,miscellaneous,other,कुन
सार्कको सबैभन्दा पहिलो क्षेत्रीय संस्था कुन हो ?,organization,other,कुन
आ.व.२०७२/७३ को बजेटमा मुल्य अभिवृद्धि कर दर्ताका लागि कारोबारको सीमा कति तोकेको छ ?,numerical,money,कति
नेपालको एक मात्र राष्ट्रिय ट्रमा सेन्टरको उद्घाटन कहिले भएको थियो ?,temporal,date,कहिले
प्रतिनिधि सभा घोषणा २०६३ कहिले भएको थियो ?,temporal,date,कहिले
थकाली समुदायको बसोबासको मुख्य स्थान कुन हो ?,location,district,कुन
चालू बजेटले कति वटा जिल्लालाई धान उत्पादन पकेट क्षेत्रको रुपमा राखेको छ ?,numerical,count,कति
कञ्चनजंघा हिमश्रृंखलामा ८००० मिटरभन्दा माथिका कति वटा टाकुरा रहेका छन् ?,numerical,count,कति
नेपालको संविधानको कति भागमास्थानिय आर्थिक कार्य प्रणालीको बारेमा उल्लेख गरिएको छ ?,miscellaneous,other,कति
नेपालसंग हवाइ सम्झौता भएको 39 औ देस कुन हो ?,location,country,कुन
नेपालमा 2018 मा बाघ को संख्या कति थियो?,numerical,count,कति
मदन पुरस्कार 2074 कस्लाइ प्रदान गरियो?,person,individual,कसलाई
कोशी ब्यारेजमा कति ओटा ढोका रहेका छन्?,numerical,count,कति
पहाडको अध्ययन गर्ने विज्ञानलाई के भनिन्छ ?,miscellaneous,other,के
हाल विश्वको सबैभन्दा अग्लो भवन कुन हो ?,miscellaneous,other,कुन
नेपाल एकीकरण हनुभन्दा अगाडी नेपाल भन्नाले कुन ठाउलाई मात्र बुझिन्थ्यो ?,location,city,के
सुनको सुद्दता कुन एकाइमा नापिन्छ ?,miscellaneous,other,के
विश्वमा सबैभन्दा बढी हतियार ब्यापार गर्ने राष्ट्र कुन हो ?,location,country,कुन
मानिसलाई सबैभन्दा बढी लाग्ने रोग कुन हो ?,miscellaneous,disease,कुन
सय बर्षको अवधिलाई के भनिन्छ ?,miscellaneous,other,के
सबैभन्दा महँगो धातु कुन हो ?,miscellaneous,material,कुन
उड्न सक्ने एकमात्र स्तनधारी जीवा कुन हो ?,miscellaneous,animal,कुन
ECG नामक यन्त्र कुन अंगको परिक्षणको लागि प्रयोग गरिन्छ ?,miscellaneous,device,कुन
काठमाडौंबाट सबैभन्दा नजिक पर्ने सार्क राष्ट्रको राजधानी हुन हो ?,location,city,कुन
नेपाल सबैभन्दा बढी पर्यटक भित्रिने स्थालामार्गको नाका कुन हो ?,location,city,कुन
एक सेन्टिमिटर माटोको था बन्न सामान्यतया कति बर्ष लाग्छ ?,temporal,duration,कति
सबैभन्दा बढी क्रियासिल धातु कुन हो ?,miscellaneous,material,कुन
प्रकाशले १ सेकेन्डमा कति दुरी पार गर्छ?,numerical,length,कति
सुर्यको प्रकाश पृथ्वीमा आइपुग्न कति समय लाग्छ ?,temporal,duration,कति
पानीजहाज चलाउने चालकलाई के भनिन्छ ?,miscellaneous,other,के
विश्वको कुन नदीमा माछा पाइदैन ?,location,river,कुन
चीनलाई सार्क राष्ट्रमा आबद्ध गर्न प्रस्ताव गर्ने राष्ट्र कुन हो ?,location,country,कुन
संसारमा सबैभन्दा बढी मानिसलाई रोजगारी दिने संस्थान कुन हो ?,organization,other,कुन
सार्वजनिक विदा घोषणा कुन मन्त्रालयले गर्छ ?,organization,other,कुन
नेपालको पहिलो निर्वाचित प्रधानमन्त्री को हुन ?,person,individual,को
रिमोट कन्ट्रोलमा कुन किरणको प्रयोग भएको हुन्छ ?,miscellaneous,other,कुन
खुर्सानी कुन तत्वको कारणले पिरो हुन्छ?,miscellaneous,material,कुन
.चालकले मादक पदार्थ खाए नखाएको जाच्ने यन्त्रलाई के भनिन्छ ?,miscellaneous,device,के
नेपालको सबैभन्दा ठुलो औधोगीक क्षेत्र कुन हो ?,organization,other,कुन
डा. रामवरण यादब नेपालको प्रथम राष्ट्रपतिको रुपमा निर्वाचित कहिले भए ?,temporal,date,कहिले
हलिउड फिल्ममा अभिनय गर्ने पहिलो नेपालि अभिनेत्री को हुन् ?,person,individual,को
विश्वको सर्वाधिक उचाइको रेलमार्ग कहा निर्माण गरिएको छ ?,location,country,कहाँ
हाल विश्वको सबैभन्दा बढी जनसंख्या भएको सहर कुन हो ?,location,city,कुन
विश्वको सबैभन्दा ठुलो टापु कुन हो ?,location,island,कुन
संसारको सबैभन्दा बढी बालुवा बोक्ने नदि कुन हो ?,location,river,कुन
संसारकै पहिलो नेपालि बाघ विशेषज्ञ को हुन ?,person,individual,को
सबैभन्दा चाँडो बढ्ने बनस्पति कुन हो ?,miscellaneous,other,कुन
पंचायतको मलामी भनेर कसलाई चिनिन्छ ?,person,individual,कसलाई
सर्वप्रथम क्लोनीङ गरि जन्माईएको भेडाको नाम के हो ?,miscellaneous,other,के
विश्वको कुन देशको आफ्नो सैनिक छैन ?,location,country,कुन
विश्वको पहिलो बोल्ने चलचित्र कुन हो ?.,miscellaneous,other,कुन
राष्ट्रिय शोकमा पनि झण्डा नझुकाउने देश कुन हो ?,location,country,कुन
विश्वमा सबैभन्दा बढी उपराष्ट्रपतिको पद भएको देश कुन ?,miscellaneous,other,कुन
विश्वमा सबैभन्दा बढी महिला सैनिक भएको देश कुन हो ?,location,country,कुन
१८ महिनाको १ बर्ष र २० दिनको १ महिना कुन देशमा मानिन्छ ?,location,country,कुन
४ दिनको १ हप्ता कहाँ मानिन्छ ?,location,state,कहाँ
हरेक बर्ष राष्ट्रपतिको निर्वाचन हुने देश कुन हो ?,location,country,कुन
इन्टरपोलको स्थापना कहिले भयो ?,temporal,date,कहिले
विश्वमा कुन देशको मुर्दालाइ कात्रो ओढाईदैन ?,location,country,कुन
विश्वको कुन देशमा जंगलको पुजा गरिन्छ ?,location,country,कुन
विश्वको सबैभन्दा ठुलो कारागार कहाँ रहेको छ ?,location,country,कहाँ
विश्वमा रेडियोको स्थापना कहिले भएको थियो ?,temporal,date,कहिले
विश्वको कुन देशमा बच्चा जन्मिने बित्तिकै १ बर्षको मानिन्छ ?,location,country,कुन
सबैभन्दा अग्लो जीव कुन हो ?,miscellaneous,animal,कुन
सबैभन्दा बढि सगरमाथा आरोहण गर्ने व्यक्ती को हुन ?,person,individual,को
सेतो हिमाल भनेर कुन हिमाललाई चिनिन्छ ?,location,mountain,कुन
तीन ओटा मुटु र निलो रगत कुन जनावरको हुन्छ ?,miscellaneous,animal,कुन
चमेरो संरक्षण क्षेत्र कहाँ रहेको छ ?,location,city,कहाँ
कंचनपुरमा निर्मला पन्त हत्याकाण्ड कहिले भयो ?,temporal,date,कहिले
नेपालको पहिलो WiFi निशुल्क भएको जिल्ला कुन हो ?,location,district,कुन
पुटपुटे नाचँ कुन जातिमा प्रचलित रहेको छ ?,miscellaneous,other,कुन
राष्ट्रिय खेलकुद परिषदको स्थापना कहिले भएको हो ?,temporal,date,कहिले
नारायण हिटि दरबारका डिजाइनर को हुन ?,person,individual,को
महेन्द्र राजमार्गले नछुने एकमात्र तराईको जिल्ला कुन हो ?,location,district,कुन
नेपालको सबैभन्दा ठूलो मानव निर्मित ताल कुन हो ?,location,lake,कुन
नन्द भाउजू ताल कुन जिल्लामा रहेको छ ?,location,district,कुन
ढाकाको कपडाको लागि प्रख्यात जिल्ला कुन हो ?,location,district,कुन
नेपालको कुन बर्षलाई घुमफिर वर्षको रुपमा मनाइयो ?,temporal,date,कुन
नेपालमा हाल सम्म भएका सार्क शिखर सम्मेलनहरु कुन कुन हुन ?,numerical,rank,कुन
आमाबाबुको स्वीकृतिबमोजिम विवाह हुँदा वर र वधुको उमेर कम्तीमा कति वर्ष हुनुपर्छ ?,numerical,count,कति
नेपालमा सर्वप्रथम मुलुकी ऐन कुन राणा प्रधानमन्त्रीको पालामा आएको हो ?,person,individual,कुन
नेपालमा विभिन्न पर्व तथा उत्सवका लागि खर्च र व्यवहारको सीमा कुन ऐनले तोकेको छ ?,miscellaneous,other,कुन
नेपालमा मुक्ति दिवस कहिले मनाइन्छ ?,temporal,date,कहिले
नेपालमा कमैया मुक्तिको घोषणा कहिले भएको हो ?,temporal,date,कहिले
नेपालमा कमैया श्रम (निषेध गर्ने) सम्बन्धी ऐन कहिलेदेखि लागू भएको हो ?,temporal,date,कहिले
नेपालमा विर्ता उन्मूलन ऐन कहिले ल्याइयो ?,temporal,date,कहिले
नेपालमा आर्थिक क्षेत्रको सुधारका रूपमा भूमिसम्बन्धी ऐनको तर्जुमा कहिले गरियो ?,temporal,date,कहिले
"भूमीसम्बन्धी ऐन, २०२१ लाई के भनी चिनिन्छ ?",miscellaneous,other,के
"भूमिसम्बन्धी ऐन, २०२१ कति चरणमा लागू गरियो ?",numerical,count,कति
"भूमिसम्बन्धी ऐन, २०२१ को पाँचौं संशोधन कहिले गरियो ?",temporal,date,कहिले
नेपालमा मोहियानी हकसम्बन्धी ऐनको तर्जुमा कहिले भएको हो ? .,temporal,date,कहिले
नेपालमा सती प्रथाको उन्मूलन कहिले भएको हो?,temporal,date,कहिले
नेपालमा दास प्रथाको अन्त्य भएको घोषणा कहिले भएको हो ?,temporal,date,कहिले
नेपालमा राज्यरजौटा उन्मूलन कहिले भयो ?,temporal,date,कहिले
नेपालमा अमाली प्रथाको अन्त्य कहिले भयो ?,temporal,date,कहिले
"राज्य, भमिपति वा सरकारी कर्मचारीहरूले पारिश्रमिक नदिई काम गराउने के भनिन्छ ?",miscellaneous,other,के
देउकी प्रथा नेपालको कुन ठाउँमा रहेको छ ?,location,region,कुन
डंगुवा प्रथा कुन जातिमा प्रचलित छ ?,miscellaneous,other,कुन
माहिली छोरीलाई बौद्ध कन्याको रूपमा गुम्बाको हेरचाहका लागि चढाउने प्रथालाई के भनिन्छ ?,miscellaneous,other,के
नेपालमा मुलकी ऐन सर्वप्रथम कहिले र कसको पालामा आएको हो ?,person,individual,कसको
"नेपालमा मलकी ऐन, २०२० कहिलेदेखि लाग भएको थियो?",temporal,date,कहिले
"मलकी ऐन, २०२० खारेज भई मुलुकी (संहिता) ऐनहरु कहिलेदेखि लागू भएका छन् ?",temporal,date,कहिले
नेपालको कुल जनसङ्ख्याको कति प्रतिशत हिस्सा कृषिमा आधारित छ ?,numerical,percentage,कति
विश्वको कुल खाद्यान्न उत्पादनमा धानको योगदान (हिस्सा) कति प्रतिशत रहेको छ?,numerical,percentage,कति
नेपाली अर्थतन्त्रमा प्रमुख अन्नबाली धानले कति प्रतिशत योगदान दिएको छ?,numerical,percentage,कति
हाल नेपालले कुन प्रकारको अर्थव्यवस्थालाई प्रश्रय दिएको छ ?,miscellaneous,other,कुन
नवौँ र दशौं योजनाले लिएको एउटै उद्देश्य के हो ?,miscellaneous,other,के
नेपालको सबभन्दा महत्त्वपूर्ण प्राकृतिक श्रोत कुन हो ?,miscellaneous,other,कुन
सन् २००१ को कृषि जनगणनाअनुसार नेपालको कुल भूभागको कति प्रतिशत खेतीयोग्य रहेको छ ?,numerical,percentage,कति
हाल नपालको गरिबीको रेखामुनी रहेको जनसङ्ख्या घट्दै जानुको मुख्य कारण के रहेको छ ?,miscellaneous,other,के
नेपालमा उत्पादित चियाले देशको कति प्रतिशत माग पूरा गर्छ ?,numerical,percentage,कति
नेपालले समुद्रपार व्यापारका लागि कन देशको सामुद्रिक नाका प्रयोग गनुपर्छ?,location,country,कुन
नेपालको सबैभन्दा बढी बैदेशिक व्यापार कुन देशसग हुन्छ ?,location,country,कुन
मिश्रित अर्थव्यवस्था कुन-कुन अर्थव्यवस्थासँग निकट रहेको छ ?,miscellaneous,other,कुन
मिश्रित अर्थव्यवस्थाको सिद्धान्तका प्रतिपादक को हुन् ?,person,inventor,को
नेपालमा वैदेशिक सहयोगको संस्थागत सुरुआत कहिलेदेखि भएको हो?,temporal,date,कहिले
नेपाल सहायता समूहको गठन कहिले भएको हो ?,temporal,date,कहिले
नेपाल विकास मञ्चको गठन कहिले भएको हो ?,temporal,date,कहिले
हाल नेपालमा कृषि क्षेत्रको उत्पादकत्व वैज्ञानिक खेती प्रणालीबाट हासिल हुने क्षमताको तुलनामा कति कम छ ?,numerical,other,कति
नेपालमा चियाखेतीको सुरुआत कहिलेदेखि भएको हो?,temporal,date,कहिले
कन-कुन योजना अवधिलाई कृषि दशकका रूपमा मनाउने निर्णय गरिएको छ ?,numerical,rank,कुन
नेपालमा भमिसुधार बचत संस्थाको स्थापना कहिले भएको हो?,temporal,date,कहिले
नेपालमा भूमिसुधार कार्यक्रम कहिले ल्याइएको हो ?,temporal,date,कहिले
पालमा राष्ट्रिय कृषि नीति कहिले ल्याइएको हो ?,temporal,date,कहिले
नेपाल विश्व व्यापार सङ्गठनको सदस्य कहिले भएको हो ?,temporal,date,कहिले
वीरगञ्ज सुख्खा बन्दरगाह कहिलेदेखि सञ्चालनमा आयो ?,temporal,date,कहिले
नेपालमा सर्वप्रथम उद्योग परिषद्को गठन कहिले भएको हो?,temporal,date,कहिले
नेपालमा सञ्चालित कुन औद्योगिक क्षेत्रले धेरै जनालाई रोजगार प्रदान गरेको छ?,organization,company,कुन
नेपालको सबैभन्दा ठूलो औद्योगिक क्षेत्र कुन हो ?,organization,company,कुन
सबैभन्दा धेरै पर्यटकहरूले पदयात्रा गर्ने क्षेत्र कुन हो?,location,region,कुन
सन् १९९८ लाई कुन वर्षका रूपमा मनाइयो ?,miscellaneous,other,कुन
सन् २००२-२००३ लाई कुन वर्षका रूपमा मनाइयो ?,miscellaneous,other,कुन
आ.व. २०६१/६२ देखि नेपालमा हाल धेरै नाफा कमाउन सफल संस्थान कुन हो ?,organization,company,कुन
कुन आवधिक योजनादेखि सार्वजनिक संस्थान निजिकरण गर्ने कार्य सुरु थालियो ?,numerical,rank,कुन
प्रजातन्त्रको आगमनपश्चात् सबभन्दा पहिले निजीकरण गरिएको संस्थान कन हो?,organization,company,कुन
नेपालमा सबैभन्दा धेरै कर्मचारी कार्यरत रहेको संस्थान कुन हो ?,organization,company,कुन
दशौं योजना अवधिमा कतिवटा सार्वजनिक संस्थान निजीकरण गर्ने लक्ष्य थियो?,numerical,count,कति
नेपाल औषधि लिमिटेड कुन मन्त्रालयअन्तर्गत पर्छ ?,organization,other,कुन
जडिबटी उत्पादन तथा प्रशोधन कम्पनी लिमिटेड कुन मन्त्रालयअन्तर्गत पर्छ?,organization,other,कुन
कृषि चुन उद्योग लिमिटेड कुन मन्त्रालयअन्तर्गत पर्छ ?,organization,other,कुन
नेपाल दर सञ्चार संस्थान कहिलेदेखि कम्पनीमा परिणत भएको हो ?,temporal,date,कहिले
नेपालमा निजीकरण ऐन कहिले आएको हो ?,temporal,date,कहिले
सर्वप्रथम निजीकरण गरिएको संस्थान कुन हो ?,organization,company,कुन
नेपालमा कन प्रधानमन्त्रीको पालादेखि योजनाबद्ध विकासको सुरुआत भएको हो ?,person,individual,कुन
विश्वमा योजनावद्ध विकासको सुरुआत गर्ने राष्ट्र कुन हो ?,location,country,कुन
नेपालमा राष्ट्रिय योजना आयोगको गठन कहिले भएको हो ?,temporal,date,कहिले
नेपालमा योजनाबद्ध विकासको थालनी कहिलेदेखि भएको हो ?,temporal,date,कहिले
राष्ट्रिय योजना आयोगको अध्यक्ष को हुने व्यवस्था छ ?,person,appellation,को
प्रथम पञ्चवर्षीय योजना कहिलेदेखि प्रारम्भ भएको थियो ?,temporal,date,कहिले
प्रथम पञ्चवर्षीय योजना कहिलेदेखि कहिलेसम्म सञ्चालन भयो ?,temporal,date,कहिले
प्रथम पञ्चवर्षीय योजनामा कूल अनुमानित खर्च कति रहेको थियो ?,numerical,money,कति
प्रथम योजना अवधिमा भएको वास्तविक खर्च कति हो ? -,numerical,count,कति
प्रथम योजना अवधिमा अनुमानित बजेटमध्ये कति प्रतिशत मात्र खर्च भएको थियो ?,numerical,percentage,कति
प्रथम पञ्चवर्षीय योजनामा सबभन्दा बढी रकम कुन क्षेत्रका लागि विनियोजन गरिएको थियो ?,miscellaneous,other,कुन
दोस्रो आवधिक योजना कति अवधि सञ्चालित भयो ?,temporal,duration,कति
दोस्रो योजनामा विनियोजित रकममध्ये कति प्रतिशत खर्च भएको थियो?,numerical,percentage,कति
तेस्रो पञ्चवर्षीय योजनामा कति बजेट विनियोजन गरिएको थियो ?,numerical,money,कति
तेस्रो पञ्चवर्षीय योजना कहिलेदेखि कहिलेसम्म रह्यो ?,temporal,range,कहिले
चौथो पञ्चवर्षीय योजनाअवधि कन हो?,temporal,range,कुन
चौथो पञ्चवर्षीय योजनाको अनुमानित खर्च रु. ३५४ करोड मध्ये कति प्रतिशत खर्च भएको थियो ?,numerical,percentage,कति
पाचौं पञ्चवर्षीय योजनाको अनुमानित खर्च कति थियो ?,numerical,money,कति
छैठौं पञ्चवर्षीय योजना अवधि कुन हो ?,temporal,range,कुन
छैठौं पञ्चवर्षीय योजनाको कुल अनुमानित खर्च कति थियो ?,numerical,money,कति
नेपालमा कुन योजनादेखि न्यूनतम आधारभूत आवश्यकता परिपूर्ति गर्ने उद्देश्य राखियो ?,numerical,rank,कुन
छैठौं योजनामा सबभन्दा बढी रकम विनियोजन कुन क्षेत्रका लागि गरियो ?,miscellaneous,other,कुन
सातौं पञ्चवर्षीय योजना कहिलेदेखि कहिलेसम्म सञ्चालित भयो ?,temporal,range,कहिले
सातौं योजना अवधिको कूल अनुमानित खर्च कति थियो ?,numerical,money,कति
नेपालमा कुन-कुन वर्ष योजनाविहीन वर्षका रूपमा रहे ?,temporal,year,कुन
आठौं पञ्चवर्षीय योजना अवधि कुन हो ?,temporal,range,कुन
आठौं योजनाअवधिमा कति खर्च गर्ने लक्ष्यसहित रकम विनियोजन गरिएको थियो ?,numerical,money,कति
आठौं योजना अवधिमा कुल लगानीको ३४.९ प्रतिशत रकम सरकारी क्षेत्रबाट व्यहोरिने लक्ष्य रहेको थियो भने निजी क्षेत्रबाट कति व्यहोरिने लक्ष्य राखिएको थियो ?,numerical,percentage,कति
नवौं पञ्चवर्षीय योजना कहिले सञ्चालन भयो ?,temporal,range,कहिले
नवौं पञ्चवर्षीय योजनाको कूल अनुमानित खर्च कति थियो ?,numerical,money,कति
नवौं योजना अवधिमा कूल विनियोजित रकममध्ये सरकारी क्षेत्रबाट कति प्रतिशत व्यहोरिने लक्ष्य थियो?,numerical,percentage,कति
नवौं योजना अवधिमा गरिबीलाई कति प्रतिशतमा झार्ने लक्ष्य थियो ?,numerical,percentage,कति
नवौं योजनाको अन्त्यमा गरिबी कति प्रतिशतमा झरेको अनुमान छ ?,numerical,percentage,कति
नवौं योजनाको सर्वोपरि उद्देश्य के रहेको थियो ?,miscellaneous,other,के
नवौं योजना अवधिमा वार्षिक आर्थिक वृद्धिदर ६ प्रतिशतको लक्ष्य राखिएकोमा कति प्रतिशत कायम रह्यो ?,numerical,percentage,कति
नवौं योजनाको अन्त्यमा कुल प्रजनन दर कति कायम भयो ?,numerical,percentage,कति
बाहाँ योजनाको अन्त्यसम्ममा नेपालमा गरिबीको रेखामुनी रहेको जनसङ्ख्यालाई कति प्रतिशतमा झार्ने लक्ष्य छ ?,numerical,percentage,कति
बाहों योजनाको अन्त्यसम्म अर्थात् वि.सं. २०७४ सम्ममा नेपालको जनसङ्ख्या वृद्धिदरलाई कति प्रतिशतमा झार्ने लक्ष्य छ ?,numerical,percentage,कति
नवौं योजनाको अन्तसम्ममा विद्युत् सेवा पुगेको जनसङ्ख्या प्रतिशत कति थियो ?,numerical,percentage,कति
नवा योजनाको अन्त्यसम्ममा कुल गार्हस्थ उत्पादन वृद्धिदर कति कायम भयो ?,numerical,percentage,कति
नवौं योजनामा कषि क्षेत्रको वार्षिक आर्थिक वृद्धिदर कति हुने अनुमान थियो ?,numerical,percentage,कति
नवौं योजनामा गैर कषि क्षेत्रको वार्षिक आर्थिक वृद्धिदर कति हुने अनुमान थियो ?,numerical,percentage,कति
दशौं आवधिक योजना अवधि कुन हो ?,temporal,range,कुन
दशौं योजनाको प्रमुख उद्देश्य के रहेको थियो,miscellaneous,other,के
नवौं र दशौं योजनामा दोहोरिएको एकमात्र लक्ष्य के हो ?,miscellaneous,other,के
दशौं योजनामा वार्षिक आर्थिक वृद्धिदर कति हुने अनुमान गरिएको थियो?,numerical,percentage,कति
नेपालको कुन योजनामा अधिकतम र न्युनतम आर्थिक वृद्धिदरको लक्ष्य त थियो?,numerical,rank,कुन
दशौं योजनामा गरिबीको रेखामुनीको जनसङ्ख्यालाई कति प्रतिशतमा झा रहेको थियो ?,numerical,percentage,कति
दशौं योजनामा आयोजना तथा कार्यक्रमहरूलाई कति अवधारणामा प्राथमिक गरिएको थियो ?,numerical,count,कति
त्रिवर्षीय अन्तरिम योजना (२०६४/६५-२०६६/६७) अवधिमा कुल खर्चमध्ये सहायताको अंश कति प्रतिशत रहेको थियो ?,numerical,percentage,कति
त्रिवर्षीय अन्तरिम योजना (२०६४/६५-२०६६/६७) अवधिमा कृषि क्षेत्रको आर्थिक बृद्धिदर कति हुने अनुमान थियो ?,numerical,percentage,कति
त्रिवषीय अन्तरिम योजना (२०६४/६५-२०६६/६७) अवधिमा गैर कषि क्षेत्रको वृद्धिदर कति पुयाउने लक्ष्य थियो ?,numerical,percentage,कति
त्रिवर्षीय अन्तरिम योजना (२०६४/६५-२०६६/६७) अवधिमा नेपालको साक्षरता प्रतिशत कति पुयाउने लक्ष्य थियो ?,numerical,percentage,कति
त्रिवर्षीय अन्तरिम योजना (२०६४/६५-२०६६/६७) अवधिमा खानेपानीबाट लाभान्वित जनसङ्ख्या कति प्रतिशत पुयाउने लक्ष्य थियो ?,numerical,percentage,कति
त्रिवर्षीय योजना (२०६७/६८-२०६९/७०) को आधारपत्रअनुसार योजना अवधिमा आर्थिक वृद्धिदर कति हुने अनुमान थियो?,numerical,percentage,कति
गरिबीको रेखामुनि रहेको जनसंख्या २५.४ प्रतिशत रहेकोमा आ.व. २०६९/७० मा कति प्रतिशतमा झार्ने लक्ष्य रहेको थियो ?,numerical,percentage,कति
त्रिवर्षीय योजनावधिमा कुल स्थिर पूँजी लगानी (आ.व. २०६६/६७ को स्थिर मूल्यमा) कति हुने अनुमान थियो ?,numerical,money,कति
त्रिवर्षीय योजनावधिमा कृषि क्षेत्रको वृद्धिदर कति हुने अनुमान थियो ?,numerical,money,कति
त्रिवर्षीय योजनावधिमा कृषि क्षेत्रको वृद्धिदर कति हुने अनुमान थियो ?,numerical,percentage,कति
हाल वनजगलले ढाकेको क्षेत्र ३९.६ प्रतिशत भएकोमा योजनाको अन्त्यसम्ममा कति पुयाउने लक्ष्य थियो ?,numerical,percentage,कति
१२ औं त्रिवषीय योजना (२०६७/६८-२०६९/७०) को अन्त्यमा गरिबीको रेखामनिको जनसंख्या कति प्रतिशत कायम भएको थियो ?,numerical,percentage,कति
१२ औं योजनाको अन्त्यमा रोजगारी वृद्धिदर कति रहयो ?,numerical,percentage,कति
१२ औं त्रिवर्षीय योजना कहिले सम्पन्न भयो?,temporal,date,कहिले
१२ औं त्रिवर्षीय योजनामा समष्टिगत आर्थिक वृद्धिदर वार्षिक औसत ५.५ प्रतिशत हने प्रक्षेपण गरिएकोमा कति कायम भयो?,numerical,percentage,कति
१२ औं त्रिवर्षीय योजना अवधिमा कृषि क्षेत्रको वृद्धिदर कति कायम भयो ?,numerical,percentage,कति
१२ औं त्रिवर्षीय योजना अवधिमा कुल राष्ट्रिय वचत (औसत) कुल गार्हस्थ उत्पादनको तुलनामा कति भएको अनुमान थियो ?,numerical,percentage,कति
योजनाको अन्तिम वर्ष 80.३ प्रतिशत १२ औं त्रिवर्षीय योजनामा विस्तृत मुद्रा प्रदायको औसत वार्षिक वृद्धिदर १८.३ प्रतिशत रहने लक्ष्य राखिएकोमा औसत कति प्रतिशतले वृद्धि भयो?,numerical,percentage,कति
१२ औं त्रिवर्षीय योजना अवधिमा वार्षिक औसत मुद्रास्फीति ७.० प्रतिशत भित्र सीमित रहने लक्ष्य रहेकोमा कति कायम भयो?,numerical,percentage,कति
आर्थिक वर्ष २०६९/७० मा कुल व्यापारमा भारतको अंश कति रह्यो ?,numerical,percentage,कति
१३ औं त्रिवर्षीय योजना (२०७०/७१-२०७२/७३) मा मुद्रास्फीतिको वृद्धिदर वार्षिकऔसत कति हुने अनुमान थियो?,numerical,percentage,कति
१३ औं त्रिवर्षीय योजना (२०७०/७१-२०७२/७३) को अन्तिम वर्ष कुल गार्हस्थ उत्पादनको अनुपातमा राजस्व परिचालन कति पुग्ने अनुमान थियो?,numerical,percentage,कति
१३ औं त्रिवर्षीय योजना (२०७०/७१-२०७२/७३) अवधिमा राजस्वको वृद्धिदर वार्षिक औसत कति हुने अनुमान थियो?,numerical,percentage,कति
कुल गार्हस्थ उत्पादनको अनुपातमा आर्थिक वर्ष २०६९/७० मा कुल वैदेशिक सहायताको अनुपात ४.३ रहेकोमा १३ औं योजनाको अन्त्यमा कति पुग्ने अनुमान थियो ?,numerical,percentage,कति
१३ औं त्रिवर्षीय योजना (२०७०/७-२०७२/७३) अनुसार देशको सर्वागीण विकासका लागि पर्याप्त जलविद्युत् विकास गरी कहिलेसम्म जलविद्युत्मा आत्मनिर्भर हुने लक्ष्य थियो?,temporal,date,कहिले
१३ औं योजनाअनुसार आ.व. २०६९/७० मा नेपालको आर्थिक वृद्धिदर अनुमान थियो ?,numerical,percentage,कति
आव २०६९/७० मा कृषि क्षेत्रको वृद्धिदर १.१ प्रतिशत रहेको क्षेत्रको वृद्धिदर कति रहेको थियो ?,numerical,percentage,कति
तेहौं योजना (२०७०/७१-२०७२/७३) अनुसार योजना अवधिमा जिदर कति पयाउने लक्ष्य थियो ?,numerical,percentage,कति
तेह्रौं योजना (२०७०/७१-२०७२/७३) अनुसार योजना अवधिमा नेपाली औसत आयु कति पुऱ्याउने लक्ष्य लिइएको थियो ?,numerical,count,कति
नेपालमा सर्वप्रथम बजेट कहिले प्रस्तुत गरियो ?,temporal,date,कहिले
नेपालमा सरकारी बजेटलाई साधारण र विकास गरी कहिले छुट्याइयो ?,temporal,date,कहिले
नेपालको पहिलो राष्ट्रिय बजेटको कूल अनुमानित व्यय कति रहेको थियो ?,numerical,money,कति
घाटा बजेट सिद्धान्तका प्रतिपादक को हुन् ?,person,inventor,को
दुई छुट्टाछुट्टै बजेट पेश गर्ने राष्ट्र कुन हो ?,location,country,कुन
वर्षमा दुईपटक बजेट पेश गर्ने राष्ट्र कुन हो ?,location,country,कुन
कामका आधारमा बजेटको वर्गीकरण गर्ने प्रक्रिया कहिलेदेखि सुरु गरियो ?,temporal,date,कहिले
कुन आर्थिक वर्षदेखि आन्तरिक वा राष्ट्र ऋण उठाउन थालिएको हो ?,temporal,date,कुन
नेपालमा आयव्यय बराबर भएको सन्तुलिन बजेट कहिले प्रस्तुत भएको थियो ?,temporal,date,कहिले
नेपालमा कहिलेदेखि एकल मद्रा (नेपाली मुद्रा) मा मात्र बजेट पेश गर्न थालियो ?,temporal,date,कहिले
कार्यक्रम बजेटको सुरुआत कहाँबाट भएको हो ?,location,country,कहाँ
नेपालमा कार्यक्रम बजेटको सुरुआत कहिलेदेखि भएको हो?,temporal,date,कहिले
नेपालमा कुन आ.व.को बजेटमा ग्रामीण स्वावलम्बन कोषको स्थापना भयो?,temporal,date,कुन
वैशाख १ देखि चैत्र मसान्तसम्मलाई आर्थिक वर्ष मान्दै आएकामा कहिलेदेखि श्रावण १ आषाढ मसान्तसम्मलाई मान्न थालियो?,temporal,date,कहिले
नेपालमा सर्वप्रथम नाफा बजेट कहिले प्रस्तुत भयो ?,temporal,date,कहिले
नेपालको मौद्रिक नीति कसले निर्धारण गर्छ ?,organization,bank,कसले
नेपाल राष्ट्र बैक स्थापना कहिले भएको हो ?,temporal,date,कहिले
"नेपाल राष्ट्र बैक ऐन, २०५८ कहिले जारी भएको हो ?",temporal,date,कहिले
नेपालको केन्द्रीय बैङ्क कुन हो ?,organization,bank,कुन
राष्ट्र बैङ्कका गभर्नरको पदावधि कति हुन्छ ?,temporal,duration,कति
नेपाल राष्ट्र बैकका प्रथम गभर्नर को हुन् ?,person,individual,को
नेपाल राष्ट बैङ्कले नेपाल सरकारसँग सम्पर्क राख्दा कोमार्फत् राख्छ ?,organization,other,को
नेपाल राष्ट्र बैङ्क स्थापना हुनु अगाडि यसको कार्य कुन निकायले गर्यो ?,organization,other,कुन
नेपाल राष्ट्र बैङ्कको स्थापना कुन प्रधानमन्त्रीको पालामा भएको थियो ?,person,individual,कुन
औद्योगिक विकास बैङकका रूपमा नेपाल औद्योगिक विकास निगमको स्थापना कहिले भएको हो ?,temporal,date,कहिले
नेपालमा सबैभन्दा पहिले स्थापना भएको बैङ्क कुन हो ?,organization,bank,कुन
नेपाल बैङ्क लिमिटेडको स्थापना कहिले भएको हो ?,temporal,date,कहिले
वि.सं. २०२० भाद्र २८ मा स्थापित सहकारी बैङ्कलाई कहिलेदेखि कृषि विकास बैङ्कमा रूपान्तरण गरियो ?,temporal,date,कहिले
नेपालको पहिलो वाणिज्य बैङ्क कुन हो ?,organization,bank,कुन
राष्ट्रिय वाणिज्य बैङ्कको स्थापना कहिले भएको हो ?,temporal,date,कहिले
नेपाल आवास विकास वित्त कम्पनी लिमिटेडको स्थापना कहिले भएको हो ?,temporal,date,कहिले
नेपालको पहिलो वित्त कम्पनी कुन हो?,organization,bank,कुन
सन् २०१५ फेब्रुअरीमा वर्ड वुमन लिडरसिप कंग्रेस अवार्डबाट सम्मानित हुने नेपाली अधिकारकर्मी को हुन् ?        ,person,individual,को
राष्ट्रिय कविता महोत्सव-२०७१ मा प्रथम स्थान हासिल गर्न सफल हुने कवि को हुन् ?        ,person,individual,को
नेपाल वायुसेवा निगमले फ्रान्सेली विमान निर्माण कम्पनी एयरबससँग खरिद गरेको सगरमाथा कहिले त्रिभुवन अन्तर्राष्ट्रिय विमानस्थलमा अवतरित भयो ?        ,temporal,date,कहिले
नेपाल व्यवस्थापन संघ (म्यान) द्वारा हरेक वर्ष प्रदान गरिने प्रतिष्ठित पुरस्कार म्यानेजर अफ दि इयर-२०१४ बाट सम्मानित हुने व्यवस्थापक को हुन् ?        ,person,individual,को
नेपाल खेलकूद महासंघको आयोजनामा काठमाण्डौंमा पहिलोपटक नेपाल इन्टरनेशलन स्पोर्टस् फिल्म फेस्टिबल कहिले सञ्चालन हुने भएको छ ?        ,temporal,date,कहिले
नेपाल पुनर्वीमा कम्पनी लिमिटेडको स्थापना विधिवत रुपमा कहिले भएको छ ?        ,temporal,date,कहिले
राष्ट्रिय कविता महोत्सव २०७१ मा प्रथम स्थान हासिल गर्न सफल हुन कवि को हुन् ?        ,person,individual,को
नेपाल वायुसेवा निगमले फ्रान्सेली विमान निर्माण कम्पनी एयरबसगँग खरिद गरेको विमान सगरमाथा कहिले त्रिभुवन अन्तराष्ट्रिय विमानस्थलमा अवतरित भयो ?        ,temporal,date,कहिले
नेपाल व्यवस्थापन संघ ( म्यान ) द्धारा हरेक बर्ष प्रदान गरिने प्रतिष्ठित पुरस्कार म्यानेजन अफ दि ईयर २०१४ बाट सम्मानित हुने व्यवस्थापक को हुन् ?        ,person,individual,को
नेपाल संम्बतको थालनी कसले गरेका हुन् ?        ,person,individual,कसले
नेपालको इतिहासमा पहिलोपटक राष्ट्रव्यापी जनमत संग्रह कहिले भएको थियो ?        ,temporal,date,कहिले
नेपालको अन्तराष्ट्रिय गुणस्तर संस्था ISO को पूर्ण सदस्यता कहिलेदेखि लागू हुने गरी प्राप्त गर्यो ?        ,temporal,date,कहिले
कम्प्युटरका पिता भनेर कसलाई चिनिन्छ ?        ,person,individual,कसलाई
नेपालको इतिहासमा पहिलोपटक राष्ट्रव्यापी जनमत संग्रह कहिले भएको थियो ?        ,temporal,date,कहिले
नेपालको अन्तराष्ट्रिय गुणस्तर संस्था ISO को पूर्ण सदस्यता कहिलेदेखि लागू हुने गरी प्राप्त गर्यो ?        ,temporal,date,कहिले
कम्प्युटरका पिता भनेर कसलाई चिनिन्छ ?        ,person,individual,कसलाई
रेडियो नेपालको स्थापना कहिले भएको हो ?        ,temporal,date,कहिले
सन् २०१४ को फिफा बर्ष खेलाडीको उपाधी कसले जितेका छन् ?        ,person,individual,कसले
राष्ट्रिय गौरवका आयोजनाका रुपमा घोषणा गरिएको भैरहवास्थित गौतम बुद्ध अन्तराष्ट्रिय विमानस्थलको शिलान्यास कहिले गरियो ?        ,temporal,date,कहिले
मिस अर्थ– २०१४ को उपाधि जित्ने सुन्दरी को हुन् ?        ,person,individual,को
विक्रम संवतको थालनी कसले गरेका हुन् ?        ,person,individual,कसले
अस्ट्रेलियाको सर्वोच्च शिखर कोस्कियुस्कोमा गोरखापत्रको प्रथम अंक पुर्याई किर्तिमान कायम गर्ने पर्वतारोही को हुन् ?        ,person,individual,को
संसद नभएको विश्वको एकमात्र देश कुन हो ?        ,location,country,कुन
वि.सं २०७१ माघ ७ मा काठमाडौमा सम्पन्न द्धितिय संस्करणको मिस टिन कलेजको उपाधि जित्ने युवती को हुन् ?        ,person,individual,को
वि.सं २०७१ माघ ७ मा काठमाडौमा सम्पन्न द्धितिय संस्करणको मिस टिन कलेजको उपाधि जित्ने युवती को हुन् ?        ,person,individual,को
वि.सं २०७१ पुसमा काठमाडौमा सम्पन्न नेपाल्स मिस टिन अफ द ईयरको उपाधि जित्ने सुन्दरी को हुन् ?        ,person,individual,को
वि.सं २०७१ पुसमा काठमाडौंमा सम्पन्न नेपाल्स मिस टिन अफ द इयरको उपाधि जित्ने सुन्दरी को हुन् ?        ,person,individual,को
विश्वमा सवैभन्दा बढी सार्वजनीक विदा दिने मुुलुक कुन हो ?        ,location,country,कुन
हलो क्रान्तिका अभियन्ता एवं समाजसवेवी बिष्णुप्रसाद अधिकारीको ८९ बर्षको उमेरमा कहिले निधन भयो ?        ,temporal,date,कहिले
